delimiter $$
-- MODELO ORIGINAL
use test;
CREATE TABLE IF NOT EXISTS `titanes` (
  `id` INT(11) NOT NULL AUTO_INCREMENT,
  `nombre` VARCHAR(255) NULL DEFAULT NULL,
  `altura` INT(11) NOT NULL, 
  PRIMARY KEY (`id`)
);

CREATE TABLE IF NOT EXISTS `recursos` (
  `id` INT(11) NOT NULL AUTO_INCREMENT,
  `nombre` VARCHAR(255) NOT NULL,
  `unidad` VARCHAR(255) NOT NULL, 
  PRIMARY KEY (`id`)
);

CREATE TABLE IF NOT EXISTS `movimientos` (
  `id` INT(11) NOT NULL AUTO_INCREMENT,
  `nombre` VARCHAR(255) NOT NULL,
  PRIMARY KEY (`id`)
);

CREATE TABLE IF NOT EXISTS `avistamientos` (
  `id` INT(11) NOT NULL AUTO_INCREMENT,
  `id_titan` INT(11) NOT NULL,
  `fecha` DATE NOT NULL, 
  PRIMARY KEY (`id`),
  CONSTRAINT `avistamiento_id_titan` FOREIGN KEY (`id_titan`) REFERENCES `titanes` (`id`) ON DELETE RESTRICT ON UPDATE CASCADE
);

CREATE TABLE IF NOT EXISTS `muertes` (
  `id` INT(11) NOT NULL AUTO_INCREMENT,
  `id_titan` INT(11) NOT NULL,
  `causa` TEXT NOT NULL,
  `fecha` DATE NOT NULL, 
  PRIMARY KEY (`id`),
  CONSTRAINT `muertes_id_titan` FOREIGN KEY (`id_titan`) REFERENCES `titanes` (`id`) ON DELETE RESTRICT ON UPDATE CASCADE
);

CREATE TABLE IF NOT EXISTS `movimientos_recursos` (
  `id` INT(11) NOT NULL AUTO_INCREMENT,
  `id_recurso` INT(11) NOT NULL,
  `id_movimiento` INT(11) NOT NULL,
  `id_muerte` INT(11) NULL DEFAULT NULL,
  `cantidad` INT(11) NOT NULL,
  PRIMARY KEY (`id`),
  CONSTRAINT `movimientos_recursos_id_recurso` FOREIGN KEY (`id_recurso`) REFERENCES `recursos` (`id`) ON DELETE RESTRICT ON UPDATE CASCADE,
  CONSTRAINT `movimientos_recursos_id_movimiento` FOREIGN KEY (`id_movimiento`) REFERENCES `movimientos` (`id`) ON DELETE RESTRICT ON UPDATE CASCADE,
  CONSTRAINT `movimientos_recursos_id_muerte` FOREIGN KEY (`id_muerte`) REFERENCES `muertes` (`id`) ON DELETE RESTRICT ON UPDATE CASCADE
);
$$
-- CAMBIOS AL MODELO
create table if not exists `responsable_escuadron`(
  `id` INT(11) NOT NULL AUTO_INCREMENT,
  `nombre` VARCHAR(255) NULL DEFAULT NULL,
  `apellido_paterno` VARCHAR(255) NULL DEFAULT NULL,
  `apellido_materno` VARCHAR(255) NULL DEFAULT NULL,
  PRIMARY KEY (`id`)
);
$$
create table if not exists `gestiono`(
	`id` INT(11) NOT NULL AUTO_INCREMENT,
    `fecha` datetime NULL default NULL,
    `id_responsable` int(11) not null,
    PRIMARY KEY (`id`),
    CONSTRAINT `gestiono_id_responsable` FOREIGN KEY (`id_responsable`) REFERENCES `responsable_escuadron` (`id`) ON DELETE RESTRICT ON UPDATE CASCADE
);
$$
create table if not exists `soldados`(
	`id` INT(11) NOT NULL AUTO_INCREMENT,
    `nombre` VARCHAR(255) NULL DEFAULT NULL,
    PRIMARY KEY (`id`)
);
$$
insert into responsable_escuadron (id,nombre,apellido_paterno,apellido_materno) values 
	(1,'NELLY','ABARCA','JÉLVEZ'),
	(2,'MYRIAM','ABARCA','VÁSQUEZ'),
	(3,'JOSÉ','ABURTO','JARA'),
	(4,'MARÍA','ABUSLEME','ATALA'),
	(5,'CARMEN','ACEVEDO','AROS'),
	(6,'GERMÁN','ACEVEDO','BARRIOS'),
	(7,'MICASA','ACEVEDO','FARÍAS'),
	(8,'EREN','ACEVEDO','VALDÉS'),
	(9,'JORGE EDUARDO','ACEVEDO','VALENZUELA'),
	(10,'OSVALDO','ACUÑA','GACITÚA');
$$
insert into soldados (nombre) values ('EREN'),('MICASA'),('ARMIN'),('HISTORIA'),('SASHA'),('HANGE'),('HIANA'),('SOUDA'),('LIL'),('FUKUSHI'),('SANNAGI'),('LEVI'),('JAEGER'),('YMIR'),('BERTOLT');
$$
alter table movimientos_recursos add id_gestiono int(11) null;
$$
alter table movimientos_recursos 
add constraint movimientos_recursos_id_gestiono
foreign key (id_gestiono)
references gestiono(id);
$$
alter table avistamientos add id_gestiono int(11) null;
$$
alter table avistamientos add constraint avistamientos_id_gestiono
foreign key (id_gestiono)
references gestiono(id);
$$
alter table muertes add id_ejecutor int(11) null;
$$
alter table muertes add constraint muertes_id_ejecutor
foreign key (id_ejecutor)
references soldados(id);
$$/*INSERT*/
INSERT INTO titanes (id, nombre, altura) VALUES (1,'Gigante endeble',7),(2,'Titán colosal excéntrico',9),(3,'Titán inestable sin pelo',9),(4,'Matriarcasin pelo',7),(5,'Pequeña descortés manca',6),(6,'Goliat inestable v2',9),(7,'Esbirro colosal excéntrico',5),(8,'Titán inestable v2',6),(9,'Pequeño estridente v2',5),(10,'Criatura inteligente v2',10),(11,'Pequeña valiente manca',7),(12,'Cíclope naranja',9),(13,'Sombra endeble manca',12),(14,'Matriarca valiente manca',13),(15,'Matriarca estridente v2',13),(16,'Matriarca valientesin pelo',13),(17,'Sombra colosal manca',9),(18,'Gigante endeble v2',7),(19,'Titán endeble v2',14),(20,'Gigante desagradable manco',9),(21,'Torpe manco',7),(22,'Gigante agradable sin pelo',10),(23,'Criatura dócil',7),(24,'Pequeño estable sin pelo',12),(25,'Cíclope estable manco',5),(26,'Pequeño dócil cojo',13),(27,'Gigante salvaje excéntrico',9),(28,'Pequeña colosal excéntrica',5),(29,'Gigante inteligente sin pelo',8),(30,'Sombra desagradable v2',9),(31,'Matriarca estridente coja',7),(32,'Gigante inestable',8),(33,'Goliat desagradable excéntrico',8),(34,'Goliat inestable sin pelo',12),(35,'Sombra valiente excéntrica',9),(36,'Cíclope naranja v2',13),(37,'Cíclope desagradable',9),(38,'Pequeño naranja v2',7),(39,'Ente irreverente manco',5),(40,'Pequeña dócil v2',7),(41,'Sombra colosal v2',9),(42,'Esbirro inestable cojo',12),(43,'Cíclope inestable excéntrico',9),(44,'Sombra desagradablesin pelo',5),(45,'Goliat irreverente v2',8),(46,'Sombra azul v2',9),(47,'Titán estable',7),(48,'Torpe salvaje cojo',7),(49,'Esbirro endeble v2',3),(50,'Criatura azul manca',15),(51,'Goliat manco',8),(52,'Pequeña naranja coja',8),(53,'Ente inteligente v2',15),(54,'Pequeña colosal coja',5),(55,'Ente desagradable v2',9),(56,'Criatura dócil coja',12),(57,'Cíclope inestable cojo',9),(58,'Titán cojo',13),(59,'Gigante desagradable v2',11),(60,'Gigante valiente manco',9),(61,'Matriarca irreverente manca',9),(62,'Goliat salvaje cojo',9),(63,'Matriarca descortés',13),(64,'Torpe colosal',11),(65,'Sombra azul coja',9),(66,'Titán agradable manco',7),(67,'Torpe estable cojo',5),(68,'Gigante estable',11),(69,'Pequeño endeble',6),(70,'Cíclope v2',9),(71,'Torpe desagradable cojo',9),(72,'Pequeña naranja v2',7),(73,'Pequeño dócil',12),(74,'Esbirro salvaje manco',5),(75,'Goliat irreverente',7),(76,'Matriarca coja',9),(77,'Ente estable sin pelo',7),(78,'Pequeño agradable cojo',13),(79,'Matriarca inteligente coja',9),(80,'Ente endeble cojo',9),(81,'Esbirro inestable',8),(82,'Criatura establesin pelo',11),(83,'Ente endeble sin pelo',9),(84,'Criatura desagradablesin pelo',11),(85,'Gigante inteligente manco',8),(86,'Gigante desagradable sin pelo',9),(87,'Ente colosal',5),(88,'Ente azul manco',14),(89,'Gigante descortés excéntrico',9),(90,'Ente descortés v2',15),(91,'Torpe naranja v2',13),(92,'Criatura desagradable excéntrica',11),(93,'Torpe salvaje v2',6),(94,'Pequeño estridente sin pelo',9),(95,'Torpe v2',11),(96,'Gigante estridente cojo',8),(97,'Goliat cojo',8),(98,'Titán salvaje',13),(99,'Torpe agradable cojo',5),(100,'Criatura valiente excéntrica',4),(101,'Sombra endeblesin pelo',14),(102,'Ente naranja',15),(103,'Sombra estable v2',5),(104,'Goliat desagradable manco',15),(105,'Goliat valiente sin pelo',4),(106,'Criatura colosal manca',3),(107,'Pequeña endeblesin pelo',3),(108,'Cíclope endeble excéntrico',9),(109,'Gigante endeble excéntrico',9),(110,'Pequeño salvaje excéntrico',13),(111,'Torpe endeble manco',8),(112,'Matriarca salvaje excéntrica',15),(113,'Matriarca colosal v2',13),(114,'Criatura estridente coja',9),(115,'Titán estable cojo',4),(116,'Criatura azul',9),(117,'Ente azul cojo',13),(118,'Criatura agradable',14),(119,'Matriarca inestable manca',8),(120,'Gigante dócil cojo',7),(121,'Esbirro azul excéntrico',10),(122,'Cíclope sin pelo',14),(123,'Sombra agradablesin pelo',12),(124,'Criatura desagradable v2',13),(125,'Cíclope',9),(126,'Esbirro agradable cojo',13),(127,'Gigante azul',5),(128,'Torpe inestable excéntrico',5),(129,'Pequeña colosal v2',10),(130,'Esbirro estridente',8),(131,'Pequeña salvaje coja',13),(132,'Pequeño descortés sin pelo',14),(133,'Ente agradable v2',8),(134,'Cíclope irreverente sin pelo',12),(135,'Pequeña estridente',12),(136,'Pequeña azul v2',6),(137,'Pequeño naranja cojo',4),(138,'Esbirro estridente v2',12),(139,'Goliat desagradable cojo',7),(140,'Ente endeble excéntrico',11),(141,'Matriarca agradable v2',13),(142,'Titán azul sin pelo',14),(143,'Ente valiente excéntrico',9),(144,'Gigante naranja cojo',6),(145,'Cíclope salvaje excéntrico',9),(146,'Titán irreverente excéntrico',12),(147,'Cíclope inteligente',15),(148,'Ente manco',10),(149,'Torpe azul sin pelo',14),(150,'Sombra inteligente manca',8),(151,'Pequeña descortés excéntrica',7),(152,'Gigante estridente v2',13),(153,'Criatura irreverente excéntrica',7),(154,'Goliat naranja excéntrico',14),(155,'Pequeña dócilsin pelo',7),(156,'Torpe valiente cojo',8),(157,'Torpe naranja',13),(158,'Ente azul',3),(159,'Pequeño naranja',7),(160,'Gigante salvaje sin pelo',6),(161,'Pequeño agradable',9),(162,'Ente inestable',15),(163,'Ente azul excéntrico',8),(164,'Pequeña valiente coja',13),(165,'Criatura irreverente manca',12),(166,'Matriarca estable coja',12),(167,'Pequeña inteligente v2',9),(168,'Pequeña naranja manca',9),(169,'Goliat agradable',9),(170,'Torpe agradable sin pelo',8),(171,'Cíclope salvaje cojo',3),(172,'Torpe valiente sin pelo',7),(173,'Goliat descortés manco',8),(174,'Torpe azul cojo',7),(175,'Goliat inestable cojo',9),(176,'Sombrasin pelo',9),(177,'Torpe agradable excéntrico',9),(178,'Criatura irreverentesin pelo',9),(179,'Sombra irreverente v2',9),(180,'Titán descortés',11),(181,'Esbirro',9),(182,'Torpe descortés manco',12),(183,'Torpe inteligente cojo',9),(184,'Criatura agradable coja',4),(185,'Gigante dócil',7),(186,'Goliat v2',10),(187,'Cíclope valiente',13),(188,'Gigante sin pelo',8),(189,'Pequeño irreverente excéntrico',12),(190,'Matriarca inteligente excéntrica',13),(191,'Sombra endeble v2',3),(192,'Esbirro salvaje v2',14),(193,'Gigante desagradable excéntrico',8),(194,'Goliat valiente',12),(195,'Sombra salvajesin pelo',12),(196,'Gigante excéntrico',5),(197,'Pequeño inestable cojo',5),(198,'Criatura inestable excéntrica',5),(199,'Cíclope valiente v2',8),(200,'Titán valiente excéntrico',9),(201,'Titán azul',4),(202,'Cíclope dócil cojo',11),(203,'Pequeño inteligente sin pelo',8),(204,'Sombra agradable manca',13),(205,'Goliat naranja manco',5),(206,'Cíclope azul cojo',13),(207,'Torpe colosal cojo',5),(208,'Criatura valiente manca',12),(209,'Ente inteligente excéntrico',12),(210,'Pequeño descortés v2',6),(211,'Esbirro estridente cojo',5),(212,'Goliat naranja cojo',10),(213,'Cíclope naranja cojo',8),(214,'Pequeña estable excéntrica',5),(215,'Ente desagradable excéntrico',7),(216,'Pequeña inestable coja',12),(217,'Torpe azul v2',12),(218,'Torpe excéntrico',11),(219,'Criatura dócil excéntrica',15),(220,'Goliat desagradable sin pelo',7),(221,'Titán descortés manco',8),(222,'Ente endeble manco',9),(223,'Ente estridente excéntrico',9),(224,'Titán descortés cojo',9),(225,'Cíclope azul sin pelo',13),(226,'Esbirro endeble manco',13),(227,'Goliat naranja',12),(228,'Goliat colosal manco',15),(229,'Gigante valiente v2',9),(230,'Criatura irreverente v2',9),(231,'Gigante inestable manco',8),(232,'Criatura colosalsin pelo',9),(233,'Goliat azul manco',6),(234,'Pequeña estable v2',5),(235,'Criatura azulsin pelo',9),(236,'Pequeño estable v2',10),(237,'Pequeño desagradable cojo',7),(238,'Pequeño azul cojo',12),(239,'Gigante inestable sin pelo',9),(240,'Titán irreverente manco',9),(241,'Criatura endeble coja',14),(242,'Sombra irreverente',9),(243,'Pequeña agradable excéntrica',7),(244,'Cíclope endeble v2',12),(245,'Torpe colosal sin pelo',8),(246,'Pequeño azul v2',13),(247,'Titán inteligente excéntrico',13),(248,'Sombra inestable coja',9),(249,'Titán desagradable sin pelo',9),(250,'Torpe agradable',9),(251,'Criatura estridente v2',13),(252,'Esbirro salvaje sin pelo',7),(253,'Pequeña salvaje excéntrica',10),(254,'Criatura inestable v2',7),(255,'Criatura estridente',11),(256,'Titán naranja',7),(257,'Pequeño endeble excéntrico',5),(258,'Criatura agradable excéntrica',7),(259,'Titán estridente excéntrico',7),(260,'Goliat descortés excéntrico',12),(261,'Ente salvaje excéntrico',9),(262,'Goliat salvaje sin pelo',9),(263,'Criatura desagradable',9),(264,'Goliat colosal',14),(265,'Esbirro desagradable excéntrico',7),(266,'Pequeño azul manco',13),(267,'Pequeña dócil coja',9),(268,'Pequeño irreverente manco',9),(269,'Cíclope salvaje v2',9),(270,'Matriarca inestablesin pelo',3),(271,'Esbirro endeble',7),(272,'Matriarca desagradable excéntrica',12),(273,'Cíclope azul excéntrico',8),(274,'Gigante v2',7),(275,'Pequeña naranjasin pelo',9),(276,'Sombra estridente excéntrica',7),(277,'Ente descortés manco',5),(278,'Pequeña establesin pelo',10),(279,'Sombra desagradable manca',11),(280,'Cíclope estridente cojo',8),(281,'Ente estable',13),(282,'Pequeño colosal sin pelo',13),(283,'Torpe agradable v2',12),(284,'Esbirro dócil sin pelo',9),(285,'Ente valiente v2',9),(286,'Gigante valiente cojo',12),(287,'Esbirro dócil',9),(288,'Goliat estridente excéntrico',8),(289,'Matriarca',12),(290,'Sombra endeble coja',6),(291,'Esbirro valiente cojo',13),(292,'Criatura estridente manca',6),(293,'Torpe valiente manco',5),(294,'Goliat estable manco',11),(295,'Cíclope irreverente v2',12),(296,'Criatura descortés excéntrica',12),(297,'Criatura irreverente coja',7),(298,'Matriarca salvaje manca',9),(299,'Titán dócil excéntrico',6),(300,'Matriarca estridente excéntrica',9),(301,'Titán inteligente sin pelo',12),(302,'Ente v2',9),(303,'Matriarca irreverentesin pelo',5),(304,'Cíclope naranja excéntrico',6),(305,'Cíclope agradable manco',9),(306,'Ente inestable cojo',10),(307,'Cíclope colosal',14),(308,'Pequeño inestable excéntrico',13),(309,'Cíclope salvaje manco',11),(310,'Titán agradable v2',12),(311,'Pequeña irreverente v2',9),(312,'Goliat valiente excéntrico',12),(313,'Titán desagradable manco',9),(314,'Gigante',8),(315,'Titán descortés v2',7),(316,'Torpe naranja sin pelo',10),(317,'Sombra descortés excéntrica',8),(318,'Matriarca naranja v2',6),(319,'Sombra inestable',9),(320,'Torpe irreverente cojo',7),(321,'Gigante agradable',9),(322,'Matriarca salvaje v2',8),(323,'Pequeña agradablesin pelo',8),(324,'Titán inestable',8),(325,'Esbirro descortés excéntrico',7),(326,'Esbirro inteligente',6),(327,'Pequeña desagradable excéntrica',7),(328,'Goliat endeble v2',8),(329,'Pequeña agradable v2',6),(330,'Gigante estable cojo',7),(331,'Gigante colosal excéntrico',13),(332,'Titán estable excéntrico',4),(333,'Pequeño descortés excéntrico',7),(334,'Titán azul v2',13),(335,'Gigante salvaje',4),(336,'Cíclope valiente excéntrico',14),(337,'Cíclope desagradable excéntrico',7),(338,'Goliat inteligente sin pelo',12),(339,'Cíclope estable cojo',12),(340,'Matriarca colosal manca',5),(341,'Torpe sin pelo',3),(342,'Ente dócil cojo',9),(343,'Esbirro naranja',8),(344,'Matriarca irreverente',12),(345,'Gigante salvaje v2',9),(346,'Sombra naranja excéntrica',13),(347,'Pequeña estridentesin pelo',9),(348,'Esbirro v2',9),(349,'Gigante inteligente excéntrico',11),(350,'Titán endeble excéntrico',13),(351,'Criatura agradable v2',12),(352,'Ente dócil v2',5),(353,'Sombra descortés coja',9),(354,'Criatura naranja v2',5),(355,'Matriarca dócil v2',9),(356,'Pequeña inteligentesin pelo',12),(357,'Esbirro estridente manco',11),(358,'Matriarca inteligente manca',13),(359,'Torpe naranja excéntrico',10),(360,'Titán valiente',3),(361,'Matriarca valiente excéntrica',13),(362,'Ente estable manco',10),(363,'Sombra desagradable coja',3),(364,'Sombra irreverente excéntrica',6),(365,'Gigante colosal sin pelo',13),(366,'Pequeño valiente sin pelo',12),(367,'Esbirro agradable v2',10),(368,'Esbirro azul v2',3),(369,'Goliat endeble excéntrico',9),(370,'Cíclope endeble cojo',7),(371,'Cíclope endeble sin pelo',4),(372,'Goliat estridente manco',7),(373,'Pequeño azul',7),(374,'Cíclope inestable sin pelo',13),(375,'Goliat dócil manco',6),(376,'Sombra inteligente',5),(377,'Matriarca azul excéntrica',3),(378,'Goliat colosal excéntrico',13),(379,'Cíclope irreverente',6),(380,'Esbirro estable cojo',12),(381,'Goliat salvaje excéntrico',8),(382,'Torpe desagradable manco',7),(383,'Torpe descortés v2',11),(384,'Pequeño estable manco',11),(385,'Cíclope inteligente manco',5),(386,'Criatura valiente coja',12),(387,'Matriarca dócil coja',10),(388,'Pequeña estable coja',12),(389,'Pequeño estridente manco',9),(390,'Esbirro inestable sin pelo',13),(391,'Titán inestable cojo',8),(392,'Matriarca excéntrica',4),(393,'Goliat naranja v2',10),(394,'Sombra desagradable excéntrica',5),(395,'Esbirro descortés sin pelo',7),(396,'Sombra dócilsin pelo',10),(397,'Ente agradable',9),(398,'Cíclope descortés',7),(399,'Cíclope estridente manco',9),(400,'Ente agradable cojo',9),(401,'Esbirro colosal manco',12),(402,'Cíclope estable excéntrico',7),(403,'Gigante irreverente',4),(404,'Criatura agradablesin pelo',11),(405,'Gigante inestable cojo',14),(406,'Criatura desagradable manca',9),(407,'Goliat colosal sin pelo',6),(408,'Pequeño valiente cojo',8),(409,'Ente descortés',9),(410,'Titán estable v2',5),(411,'Titán estable manco',9),(412,'Criatura estridente excéntrica',9),(413,'Sombra azul manca',13),(414,'Gigante agradable v2',15),(415,'Esbirro azul',6),(416,'Matriarca desagradablesin pelo',4),(417,'Ente colosal manco',8),(418,'Goliat dócil sin pelo',14),(419,'Pequeño salvaje manco',5),(420,'Matriarca estable manca',5),(421,'Sombra endeble',11),(422,'Titán agradable',7),(423,'Pequeña dócil manca',10),(424,'Cíclope estridente excéntrico',12),(425,'Pequeña inteligente manca',9),(426,'Pequeño desagradable v2',7),(427,'Ente colosal cojo',15),(428,'Pequeña irreverente coja',3),(429,'Ente estridente cojo',15),(430,'Torpe descortés',14),(431,'Sombra inteligente v2',9),(432,'Torpe naranja manco',12),(433,'Criatura v2',9),(434,'Criatura colosal v2',7),(435,'Cíclope estridente',9),(436,'Matriarca azulsin pelo',9),(437,'Esbirro azul manco',14),(438,'Sombra inestable manca',4),(439,'Pequeña endeble coja',3),(440,'Sombra estable coja',7),(441,'Pequeña inteligente',9),(442,'Ente agradable excéntrico',7),(443,'Criatura manca',8),(444,'Esbirro naranja excéntrico',10),(445,'Esbirro inestable manco',9),(446,'Matriarca desagradable manca',8),(447,'Matriarca desagradable v2',11),(448,'Cíclope colosal excéntrico',8),(449,'Pequeño azul sin pelo',9),(450,'Torpe valiente excéntrico',13),(451,'Pequeño naranja manco',13),(452,'Matriarca descortéssin pelo',9),(453,'Matriarca irreverente v2',11),(454,'Pequeño descortés manco',12),(455,'Sombra estridente',9),(456,'Cíclope endeble manco',7),(457,'Ente dócil excéntrico',4),(458,'Sombra excéntrica',9),(459,'Pequeño',5),(460,'Pequeña v2',7),(461,'Cíclope valiente cojo',5),(462,'Matriarca azul coja',5),(463,'Esbirro inteligente excéntrico',4),(464,'Titán valiente sin pelo',9),(465,'Titán dócil sin pelo',12),(466,'Torpe inteligente v2',8),(467,'Titán colosal manco',5),(468,'Cíclope estable',8),(469,'Pequeño irreverente sin pelo',13),(470,'Torpe inteligente manco',5),(471,'Matriarca colosal',8),(472,'Esbirro descortés',7),(473,'Pequeño inteligente manco',13),(474,'Pequeña valiente',7),(475,'Esbirro inestable v2',12),(476,'Matriarca inestable coja',6),(477,'Titán endeble cojo',12),(478,'Titán dócil manco',7),(479,'Gigante naranja',8),(480,'Pequeño manco',9),(481,'Gigante colosal manco',9),(482,'Ente valiente',13),(483,'Cíclope irreverente manco',9),(484,'Esbirro colosal',7),(485,'Pequeña inteligente excéntrica',13),(486,'Sombra irreverentesin pelo',13),(487,'Sombra manca',4),(488,'Torpe estable excéntrico',7),(489,'Goliat valiente cojo',9),(490,'Cíclope estridente sin pelo',11),(491,'Goliat estridente sin pelo',15),(492,'Matriarca inestable',9),(493,'Matriarca estable v2',8),(494,'Pequeña salvaje manca',13),(495,'Criatura endeble excéntrica',9),(496,'Ente estable excéntrico',8),(497,'Sombra colosal coja',8),(498,'Cíclope desagradable manco',8),(499,'Esbirro valiente v2',6),(500,'Goliat valiente manco',7),(501,'Torpe estridente excéntrico',11),(502,'Cíclope estable v2',8),(503,'Pequeño endeble manco',13),(504,'Criatura colosal coja',8),(505,'Ente estable cojo',13),(506,'Titán inestable excéntrico',9),(507,'Esbirro valiente',9),(508,'Pequeña endeble',13),(509,'Cíclope endeble',9),(510,'Esbirro irreverente sin pelo',5),(511,'Goliat dócil v2',14),(512,'Esbirro naranja manco',9),(513,'Sombra descortés v2',5),(514,'Titán colosal',12),(515,'Torpe salvaje manco',6),(516,'Ente salvaje',12),(517,'Gigante desagradable cojo',7),(518,'Criatura estridentesin pelo',13),(519,'Gigante agradable manco',4),(520,'Gigante irreverente manco',9),(521,'Goliat salvaje v2',8),(522,'Pequeña inestable manca',9),(523,'Sombra azul',8),(524,'Pequeño valiente excéntrico',4),(525,'Titán dócil cojo',13),(526,'Cíclope agradable cojo',12),(527,'Criatura agradable manca',12),(528,'Pequeño descortés',14),(529,'Ente colosal sin pelo',13),(530,'Pequeña naranja',7),(531,'Torpe desagradable sin pelo',8),(532,'Matriarca naranja manca',15),(533,'Esbirro azul cojo',12),(534,'Torpe estridente',7),(535,'Esbirro excéntrico',8),(536,'Matriarca inteligentesin pelo',9),(537,'Gigante estridente sin pelo',13),(538,'Sombra estridente v2',13),(539,'Ente estridente sin pelo',5),(540,'Pequeña colosal manca',9),(541,'Gigante colosal',11),(542,'Titán salvaje cojo',4),(543,'Gigante inteligente v2',10),(544,'Esbirro sin pelo',7),(545,'Pequeño estridente',12),(546,'Pequeña dócil',5),(547,'Ente irreverente cojo',13),(548,'Titán azul manco',9),(549,'Sombra naranja',9),(550,'Torpe inteligente',9),(551,'Sombra salvaje excéntrica',12),(552,'Matriarca inteligente',7),(553,'Ente colosal excéntrico',9),(554,'Pequeño inestable',9),(555,'Sombra',7),(556,'Torpe inestable sin pelo',10),(557,'Pequeño endeble v2',9),(558,'Esbirro valiente sin pelo',8),(559,'Gigante agradable cojo',12),(560,'Pequeña colosalsin pelo',13),(561,'Pequeña inteligente coja',13),(562,'Criatura estable coja',5),(563,'Pequeño desagradable excéntrico',7),(564,'Gigante naranja v2',13),(565,'Gigante valiente sin pelo',8),(566,'Matriarca desagradable',13),(567,'Cíclope dócil sin pelo',7),(568,'Sombra estable',13),(569,'Matriarca inestable v2',5),(570,'Gigante salvaje manco',14),(571,'Criatura dócil v2',7),(572,'Pequeña salvajesin pelo',12),(573,'Sombra estridentesin pelo',11),(574,'Esbirro cojo',5),(575,'Sombra naranja manca',9),(576,'Sombra descortés',13),(577,'Sombra agradable',13),(578,'Goliat irreverente manco',7),(579,'Goliat salvaje',6),(580,'Matriarca endeble manca',15),(581,'Pequeña coja',11),(582,'Pequeña estridente coja',7),(583,'Cíclope naranja sin pelo',7),(584,'Titán irreverente v2',13),(585,'Gigante irreverente sin pelo',13),(586,'Cíclope azul manco',8),(587,'Criatura salvaje coja',7),(588,'Esbirro inteligente sin pelo',9),(589,'Criatura naranja coja',9),(590,'Cíclope inestable manco',11),(591,'Sombra valiente v2',13),(592,'Pequeña descortés v2',13),(593,'Gigante azul sin pelo',7),(594,'Torpe salvaje sin pelo',9),(595,'Pequeño estridente excéntrico',13),(596,'Ente naranja sin pelo',7),(597,'Titán agradable sin pelo',9),(598,'Ente estable v2',10),(599,'Matriarca naranja coja',5),(600,'Criatura inestablesin pelo',6),(601,'Criatura valiente v2',8),(602,'Cíclope inteligente excéntrico',7),(603,'Goliat endeble cojo',13),(604,'Ente irreverente',8),(605,'Gigante estridente manco',9),(606,'Criaturasin pelo',7),(607,'Goliat descortés',10),(608,'Matriarca dócilsin pelo',7),(609,'Sombra dócil coja',8),(610,'Matriarca manca',10),(611,'Sombra inestablesin pelo',6),(612,'Goliat endeble manco',5),(613,'Pequeña endeble v2',9),(614,'Pequeño irreverente',9),(615,'Criatura endeblesin pelo',9),(616,'Torpe irreverente sin pelo',14),(617,'Ente colosal v2',3),(618,'Esbirro endeble excéntrico',9),(619,'Matriarca agradable manca',13),(620,'Matriarca irreverente excéntrica',7),(621,'Titán estridente',6),(622,'Gigante irreverente v2',13),(623,'Goliat azul excéntrico',13),(624,'Gigante endeble cojo',7),(625,'Pequeña naranja excéntrica',12),(626,'Goliat descortés cojo',3),(627,'Titán valiente v2',9),(628,'Criatura',9),(629,'Titán agradable cojo',14),(630,'Goliat desagradable v2',12),(631,'Criatura salvaje',9),(632,'Goliat estable sin pelo',3),(633,'Gigante inteligente',13),(634,'Titán v2',4),(635,'Sombra inestable excéntrica',11),(636,'Esbirro azul sin pelo',3),(637,'Titán manco',7),(638,'Ente dócil manco',4),(639,'Gigante dócil manco',7),(640,'Pequeña descortéssin pelo',9),(641,'Esbirro estridente sin pelo',14),(642,'Pequeña salvaje',13),(643,'Matriarca inestable excéntrica',7),(644,'Pequeño endeble cojo',12),(645,'Cíclope salvaje sin pelo',5),(646,'Sombra inestable v2',5),(647,'Gigante inestable excéntrico',13),(648,'Criatura naranja',5),(649,'Criatura irreverente',13),(650,'Pequeño naranja sin pelo',5),(651,'Pequeño valiente manco',7),(652,'Cíclope dócil',9),(653,'Torpe desagradable',13),(654,'Gigante estridente',10),(655,'Pequeña estable manca',11),(656,'Gigante desagradable',9),(657,'Titán estridente manco',11),(658,'Torpe estable v2',7),(659,'Ente cojo',4),(660,'Titán naranja excéntrico',9),(661,'Criatura estable excéntrica',12),(662,'Sombra dócil',8),(663,'Sombra dócil v2',11),(664,'Sombra v2',10),(665,'Pequeño excéntrico',9),(666,'Ente inteligente',6),(667,'Cíclope agradable excéntrico',5),(668,'Torpe inestable manco',13),(669,'Torpe valiente',9),(670,'Criatura inteligente manca',7),(671,'Titán salvaje v2',9),(672,'Esbirro dócil cojo',9),(673,'Cíclope cojo',12),(674,'Gigante descortés cojo',5),(675,'Criatura salvajesin pelo',9),(676,'Esbirro estable',7),(677,'Goliat sin pelo',9),(678,'Esbirro dócil v2',12),(679,'Goliat inteligente cojo',10),(680,'Ente inestable v2',3),(681,'Pequeña desagradable coja',10),(682,'Matriarca desagradable coja',4),(683,'Matriarca estable',9),(684,'Titán irreverente',13),(685,'Esbirro naranja v2',13),(686,'Matriarca naranjasin pelo',13),(687,'Cíclope estridente v2',6),(688,'Esbirro estable excéntrico',8),(689,'Gigante salvaje cojo',5),(690,'Sombra establesin pelo',6),(691,'Cíclope descortés manco',9),(692,'Criatura dócilsin pelo',13),(693,'Esbirro valiente manco',9),(694,'Esbirro colosal v2',4),(695,'Ente',12),(696,'Ente valiente cojo',9),(697,'Matriarca endeble coja',7),(698,'Titán salvaje manco',9),(699,'Ente agradable manco',9),(700,'Esbirro irreverente',8),(701,'Goliat estable excéntrico',9),(702,'Matriarca salvaje',12),(703,'Goliat naranja sin pelo',9),(704,'Criatura inteligente excéntrica',6),(705,'Cíclope descortés sin pelo',13),(706,'Goliat colosal cojo',12),(707,'Criatura estable v2',3),(708,'Pequeño endeble sin pelo',7),(709,'Esbirro agradable sin pelo',8),(710,'Torpe inestable v2',13),(711,'Titán colosal cojo',8),(712,'Torpe salvaje excéntrico',3),(713,'Cíclope desagradable cojo',13),(714,'Gigante valiente excéntrico',14),(715,'Pequeña azul excéntrica',7),(716,'Criatura salvaje excéntrica',9),(717,'Titán descortés excéntrico',9),(718,'Ente naranja v2',9),(719,'Matriarca endeble v2',5),(720,'Criatura excéntrica',12),(721,'Goliat inteligente excéntrico',5),(722,'Pequeña valiente v2',8),(723,'Pequeña desagradable v2',5),(724,'Titán estridente v2',4),(725,'Pequeño estable cojo',14),(726,'Pequeña estable',8),(727,'Ente salvaje sin pelo',6),(728,'Pequeña',13),(729,'Cíclope colosal cojo',6),(730,'Torpe endeble sin pelo',8),(731,'Esbirro valiente excéntrico',9),(732,'Ente irreverente sin pelo',10),(733,'Criatura colosal excéntrica',9),(734,'Esbirro descortés manco',9),(735,'Torpe salvaje',4),(736,'Ente azul v2',4),(737,'Cíclope inteligente sin pelo',9),(738,'Pequeña agradable manca',11),(739,'Pequeño inteligente v2',13),(740,'Pequeña estridente excéntrica',9),(741,'Cíclope dócil v2',14),(742,'Pequeña inestable v2',12),(743,'Gigante estable manco',13),(744,'Pequeño inteligente',7),(745,'Titán valiente manco',7),(746,'Pequeño descortés cojo',10),(747,'Goliat azul cojo',5),(748,'Esbirro descortés v2',7),(749,'Pequeñasin pelo',13),(750,'Goliat estable cojo',5),(751,'Esbirro irreverente manco',9),(752,'Cíclope valiente manco',5),(753,'Titán valiente cojo',7),(754,'Cíclope inestable',8),(755,'Goliat estable',7),(756,'Pequeño desagradable manco',7),(757,'Titán descortés sin pelo',10),(758,'Gigante estable excéntrico',5),(759,'Pequeño desagradable',9),(760,'Pequeña agradable',9),(761,'Matriarca valiente coja',5),(762,'Pequeño inestable manco',8),(763,'Matriarca descortés coja',8),(764,'Gigante colosal cojo',7),(765,'Criatura inestable',9),(766,'Pequeño naranja excéntrico',15),(767,'Gigante endeble sin pelo',4),(768,'Goliat dócil excéntrico',11),(769,'Esbirro colosal sin pelo',10),(770,'Pequeño dócil v2',13),(771,'Pequeña valiente excéntrica',13),(772,'Sombra inteligente coja',9),(773,'Titán agradable excéntrico',13),(774,'Esbirro manco',10),(775,'Criatura azul v2',8),(776,'Matriarca salvaje coja',8),(777,'Criatura naranja excéntrica',9),(778,'Pequeño agradable sin pelo',12),(779,'Cíclope colosal v2',9),(780,'Gigante descortés sin pelo',5),(781,'Torpe colosal excéntrico',11),(782,'Pequeño valiente',7),(783,'Gigante valiente',12),(784,'Ente dócil',12),(785,'Pequeño dócil excéntrico',10),(786,'Pequeña azul',8),(787,'Titán desagradable',8),(788,'Sombra dócil manca',4),(789,'Goliat descortés v2',11),(790,'Pequeño sin pelo',12),(791,'Goliat valiente v2',12),(792,'Titán endeble sin pelo',8),(793,'Torpe estable sin pelo',7),(794,'Gigante inestable v2',9),(795,'Ente valiente manco',6),(796,'Cíclope descortés cojo',5),(797,'Titán desagradable excéntrico',10),(798,'Sombra salvaje coja',9),(799,'Sombra naranja v2',9),(800,'Gigante azul v2',13),(801,'Titán irreverente cojo',6),(802,'Matriarca establesin pelo',7),(803,'Sombra agradable coja',9),(804,'Pequeña inestable excéntrica',9),(805,'Sombra valiente coja',11),(806,'Pequeño estable excéntrico',8),(807,'Criatura inteligente',13),(808,'Pequeño azul excéntrico',14),(809,'Ente descortés excéntrico',9),(810,'Torpe estridente v2',7),(811,'Torpe estridente cojo',5),(812,'Sombra colosal',9),(813,'Goliat endeble sin pelo',7),(814,'Esbirro colosal cojo',5),(815,'Criatura valientesin pelo',11),(816,'Sombra irreverente manca',14),(817,'Pequeño estridente cojo',9),(818,'Goliat azul',7),(819,'Criatura descortés manca',9),(820,'Criatura descortés coja',8),(821,'Torpe colosal manco',9),(822,'Pequeño salvaje v2',12),(823,'Esbirro salvaje excéntrico',13),(824,'Gigante irreverente cojo',6),(825,'Titán colosal sin pelo',9),(826,'Titán dócil v2',12),(827,'Esbirro inteligente cojo',13),(828,'Torpe inteligente sin pelo',10),(829,'Torpe irreverente v2',13),(830,'Cíclope agradable v2',14),(831,'Matriarca irreverente coja',5),(832,'Esbirro desagradable sin pelo',12),(833,'Ente desagradable sin pelo',9),(834,'Cíclope irreverente cojo',15),(835,'Pequeño agradable v2',5),(836,'Ente inteligente sin pelo',9),(837,'Titán excéntrico',8),(838,'Sombra valiente manca',13),(839,'Matriarca endeblesin pelo',7),(840,'Cíclope valiente sin pelo',9),(841,'Sombra agradable v2',7),(842,'Goliat irreverente cojo',8),(843,'Torpe desagradable v2',12),(844,'Goliat agradable cojo',5),(845,'Matriarca colosalsin pelo',4),(846,'Gigante inteligente cojo',13),(847,'Gigante endeble manco',10),(848,'Cíclope agradable',9),(849,'Esbirro estable manco',5),(850,'Titán naranja v2',8),(851,'Criatura naranjasin pelo',7),(852,'Pequeño desagradable sin pelo',4),(853,'Sombra descortéssin pelo',11),(854,'Pequeña salvaje v2',9),(855,'Pequeño irreverente v2',13),(856,'Matriarca agradable coja',6),(857,'Pequeña irreverente',13),(858,'Goliat azul sin pelo',12),(859,'Pequeño dócil sin pelo',9),(860,'Gigante colosal v2',9),(861,'Criatura azul coja',12),(862,'Titán desagradable v2',5),(863,'Torpe estable manco',9),(864,'Esbirro estable v2',15),(865,'Cíclope naranja manco',7),(866,'Matriarca agradable',6),(867,'Torpe endeble',13),(868,'Torpe descortés cojo',13),(869,'Ente valiente sin pelo',7),(870,'Sombra salvaje',9),(871,'Titán estridente cojo',6),(872,'Gigante estable sin pelo',7),(873,'Esbirro endeble sin pelo',7),(874,'Pequeña irreverentesin pelo',9),(875,'Pequeña desagradable',15),(876,'Sombra coja',13),(877,'Torpe azul',8),(878,'Sombra valientesin pelo',6),(879,'Cíclope estable sin pelo',4),(880,'Matriarca azul',12),(881,'Pequeño salvaje cojo',11),(882,'Goliat irreverente sin pelo',12),(883,'Torpe descortés excéntrico',8),(884,'Esbirro agradable manco',8),(885,'Pequeño dócil manco',5),(886,'Matriarca dócil excéntrica',7),(887,'Pequeña descortés coja',9),(888,'Pequeño estable',9),(889,'Ente naranja cojo',12),(890,'Gigante estable v2',13),(891,'Esbirro inteligente manco',5),(892,'Matriarca descortés v2',9),(893,'Criatura valiente',12),(894,'Goliat dócil cojo',4),(895,'Pequeño salvaje',9),(896,'Sombra salvaje v2',12),(897,'Criatura endeble',8),(898,'Esbirro naranja cojo',8),(899,'Torpe irreverente',9),(900,'Torpe endeble v2',7),(901,'Goliat agradable sin pelo',3),(902,'Ente desagradable',12),(903,'Criatura descortéssin pelo',11),(904,'Torpe irreverente excéntrico',11),(905,'Matriarca azul manca',5),(906,'Cíclope agradable sin pelo',14),(907,'Esbirro desagradable v2',14),(908,'Matriarca estridentesin pelo',9),(909,'Esbirro dócil manco',3),(910,'Cíclope excéntrico',8),(911,'Torpe desagradable excéntrico',5),(912,'Pequeña descortés',7),(913,'Esbirro dócil excéntrico',11),(914,'Pequeño colosal v2',15),(915,'Torpe estridente sin pelo',11),(916,'Pequeña irreverente manca',8),(917,'Sombra endeble excéntrica',8),(918,'Esbirro agradable excéntrico',5),(919,'Criatura azul excéntrica',8),(920,'Titán inteligente v2',8),(921,'Titán sin pelo',9),(922,'Pequeño cojo',14),(923,'Gigante dócil sin pelo',7),(924,'Esbirro irreverente excéntrico',14),(925,'Torpe endeble cojo',12),(926,'Cíclope dócil excéntrico',11),(927,'Gigante manco',11),(928,'Gigante azul excéntrico',5),(929,'Criatura descortés',5),(930,'Sombra valiente',9),(931,'Sombra naranja coja',7),(932,'Gigante naranja sin pelo',7),(933,'Matriarca valiente',7),(934,'Cíclope colosal sin pelo',11),(935,'Titán naranja sin pelo',9),(936,'Goliat',9),(937,'Sombra estable manca',9),(938,'Matriarca v2',7),(939,'Gigante cojo',9),(940,'Pequeña azul manca',13),(941,'Torpe colosal v2',13),(942,'Esbirro estable sin pelo',4),(943,'Esbirro desagradable cojo',10),(944,'Pequeño colosal cojo',15),(945,'Titán naranja cojo',13),(946,'Pequeña manca',14),(947,'Pequeña inestablesin pelo',8),(948,'Pequeño irreverente cojo',14),(949,'Matriarca agradablesin pelo',12),(950,'Criatura inteligente coja',14),(951,'Matriarca inteligente v2',14),(952,'Ente azul sin pelo',15),(953,'Pequeño colosal manco',5),(954,'Goliat azul v2',8),(955,'Goliat descortés sin pelo',7),(956,'Titán naranja manco',6),(957,'Ente endeble v2',9),(958,'Matriarca descortés excéntrica',8),(959,'Criatura endeble v2',7),(960,'Criatura salvaje v2',13),(961,'Esbirro naranja sin pelo',10),(962,'Titán endeble',9),(963,'Matriarca estable excéntrica',13),(964,'Cíclope colosal manco',11),(965,'Ente descortés cojo',12),(966,'Matriarca azul v2',4),(967,'Sombra estridente manca',9),(968,'Pequeño agradable excéntrico',13),(969,'Esbirro desagradable',15),(970,'Pequeña inestable',8),(971,'Ente inestable manco',7),(972,'Goliat endeble',5),(973,'Sombra colosalsin pelo',9),(974,'Esbirro estridente excéntrico',4),(975,'Torpe dócil v2',14),(976,'Matriarca salvajesin pelo',9),(977,'Cíclope irreverente excéntrico',5),(978,'Goliat inteligente manco',13),(979,'Gigante naranja manco',8),(980,'Ente irreverente excéntrico',9),(981,'Cíclope desagradable sin pelo',3),(982,'Criatura estable',13),(983,'Torpe azul manco',5),(984,'Gigante azul manco',6),(985,'Esbirro salvaje cojo',9),(986,'Matriarca dócil manca',9),(987,'Goliat inteligente v2',7),(988,'Pequeño inteligente cojo',7),(989,'Gigante descortés v2',7),(990,'Matriarca agradable excéntrica',6),(991,'Criatura inteligentesin pelo',13),(992,'Titán desagradable cojo',9),(993,'Sombra estridente coja',12),(994,'Titán salvaje excéntrico',3),(995,'Torpe agradable manco',4),(996,'Goliat agradable excéntrico',8),(997,'Goliat estable v2',9),(998,'Cíclope descortés v2',12),(999,'Matriarca colosal excéntrica',15),(1000,'Cíclope salvaje',13),(1001,'Sombra inteligentesin pelo',7),(1002,'Criatura descortés v2',9),(1003,'Torpe descortés sin pelo',9),(1004,'Sombra dócil excéntrica',15),(1005,'Esbirro irreverente v2',12),(1006,'Ente naranja manco',8),(1007,'Titán colosal v2',13),(1008,'Torpe dócil sin pelo',7),(1009,'Sombra colosal excéntrica',9),(1010,'Titán estable sin pelo',10),(1011,'Matriarca naranja',7),(1012,'Pequeña estridente manca',11),(1013,'Torpe dócil',9),(1014,'Torpe dócil excéntrico',12),(1015,'Gigante irreverente excéntrico',11),(1016,'Ente desagradable cojo',5),(1017,'Torpe valiente v2',6),(1018,'Esbirro descortés cojo',12),(1019,'Pequeña endeble manca',8),(1020,'Sombra agradable excéntrica',5),(1021,'Ente salvaje v2',9),(1022,'Matriarca estridente',13),(1023,'Torpe dócil cojo',8),(1024,'Pequeña excéntrica',13),(1025,'Pequeña colosal',7),(1026,'Matriarca valiente v2',12),(1027,'Goliat inestable manco',12),(1028,'Matriarca endeble excéntrica',7),(1029,'Goliat dócil',13),(1030,'Ente estridente',5),(1031,'Titán inteligente cojo',6),(1032,'Matriarca colosal coja',12),(1033,'Esbirro endeble cojo',4),(1034,'Ente naranja excéntrico',7),(1035,'Torpe naranja cojo',4),(1036,'Ente estridente manco',8),(1037,'Gigante dócil excéntrico',7),(1038,'Ente endeble',9),(1039,'Goliat estridente cojo',4),(1040,'Criatura dócil manca',9),(1041,'Cíclope inteligente cojo',5),(1042,'Pequeño colosal excéntrico',12),(1043,'Pequeño valiente v2',13),(1044,'Sombra azulsin pelo',7),(1045,'Titán estridente sin pelo',12),(1046,'Ente dócil sin pelo',4),(1047,'Torpe estridente manco',8),(1048,'Cíclope azul',5),(1049,'Torpe estable',8),(1050,'Goliat desagradable',14),(1051,'Criatura desagradable coja',15),(1052,'Esbirro inteligente v2',12),(1053,'Pequeña azulsin pelo',15),(1054,'Goliat inestable excéntrico',7),(1055,'Cíclope descortés excéntrico',13),(1056,'Matriarca estridente manca',9),(1057,'Ente salvaje cojo',5),(1058,'Goliat agradable manco',8),(1059,'Esbirro desagradable manco',10),(1060,'Titán inteligente',8),(1061,'Ente estridente v2',11),(1062,'Esbirro agradable',7),(1063,'Gigante descortés manco',9),(1064,'Pequeña dócil excéntrica',8),(1065,'Sombra irreverente coja',11),(1066,'Torpe endeble excéntrico',7),(1067,'Ente inteligente cojo',11),(1068,'Sombra desagradable',4),(1069,'Ente inestable sin pelo',9),(1070,'Titán irreverente sin pelo',5),(1071,'Cíclope azul v2',9),(1072,'Titán dócil',8),(1073,'Goliat inteligente',12),(1074,'Torpe inteligente excéntrico',5),(1075,'Sombra descortés manca',9),(1076,'Torpe inestable cojo',10),(1077,'Cíclope dócil manco',5),(1078,'Goliat irreverente excéntrico',13),(1079,'Goliat estridente v2',11),(1080,'Cíclope manco',11),(1081,'Pequeño inestable v2',8),(1082,'Cíclope inestable v2',13),(1083,'Ente inestable excéntrico',9),(1084,'Titán azul cojo',8),(1085,'Pequeño inestable sin pelo',6),(1086,'Goliat excéntrico',7),(1087,'Titán salvaje sin pelo',11),(1088,'Esbirro irreverente cojo',9),(1089,'Pequeña agradable coja',9),(1090,'Goliat agradable v2',10),(1091,'Sombra azul excéntrica',9),(1092,'Cíclope inteligente v2',9),(1093,'Goliat colosal v2',14),(1094,'Ente sin pelo',8),(1095,'Pequeña estridente v2',6),(1096,'Ente salvaje manco',5),(1097,'Ente excéntrico',9),(1098,'Sombra inteligente excéntrica',12),(1099,'Pequeña irreverente excéntrica',11),(1100,'Gigante naranja excéntrico',14),(1101,'Pequeño colosal',12),(1102,'Titán',13),(1103,'Sombra naranjasin pelo',9),(1104,'Gigante estridente excéntrico',13),(1105,'Titán inestable manco',7),(1106,'Sombra salvaje manca',13),(1107,'Gigante descortés',13),(1108,'Criatura colosal',11),(1109,'Pequeña valientesin pelo',9),(1110,'Pequeño salvaje sin pelo',10),(1111,'Ente agradable sin pelo',11),(1112,'Titán azul excéntrico',8),(1113,'Gigante agradable excéntrico',8),(1114,'Esbirro inestable excéntrico',9),(1115,'Criatura estable manca',7),(1116,'Ente descortés sin pelo',13),(1117,'Ente irreverente v2',9),(1118,'Titán inteligente manco',12),(1119,'Pequeño inteligente excéntrico',6),(1120,'Titán endeble manco',9),(1121,'Torpe dócil manco',5),(1122,'Cíclope desagradable v2',5),(1123,'Criatura coja',9),(1124,'Matriarca descortés manca',11),(1125,'Goliat estridente',9),(1126,'Torpe',9),(1127,'Sombra estable excéntrica',5),(1128,'Criatura inestable manca',11),(1129,'Goliat inestable',7),(1130,'Pequeña azul coja',9),(1131,'Criatura salvaje manca',9),(1132,'Pequeño agradable manco',12),(1133,'Torpe irreverente manco',9),(1134,'Goliat salvaje manco',12),(1135,'Ente inteligente manco',13),(1136,'Pequeño v2',5),(1137,'Pequeña desagradable manca',9),(1138,'Matriarca endeble',7),(1139,'Criatura inestable coja',9),(1140,'Criatura naranja manca',9),(1141,'Pequeña desagradablesin pelo',9),(1142,'Matriarca naranja excéntrica',7),(1143,'Criatura endeble manca',5),(1144,'Torpe azul excéntrico',10),(1145,'Gigante dócil v2',9),(1146,'Gigante azul cojo',9),(1147,'Torpe cojo',5),(1148,'Esbirro salvaje',9),(1149,'Pequeña endeble excéntrica',9),(1150,'Torpe inestable',10),(1151,'Matriarca dócil',6),(1152,'Ente desagradable manco',7);
INSERT INTO recursos (id, nombre, unidad) VALUES (1, 'Agua', 'l'),(2, 'Pólvora', 'g'),(3, 'Gas', 'tubo'),(4, 'Hojas (filo)', 'unidad'),(5, 'Equipo maniobras', 'unidad');
INSERT INTO movimientos (id, nombre) VALUES (1, 'Entrada'), (2, 'Salida');
INSERT INTO avistamientos (id_titan, fecha) VALUES (1,'2015-05-09'),(1,'2017-07-26'),(1,'2018-01-05'),(2,'2016-12-09'),(2,'2015-10-25'),(2,'2018-09-09'),(2,'2020-12-11'),(2,'2020-05-12'),(3,'2015-11-28'),(4,'2018-05-22'),(4,'2016-03-01'),(4,'2019-01-14'),(5,'2015-03-21'),(5,'2020-11-04'),(5,'2015-02-28'),(5,'2020-07-02'),(5,'2015-10-10'),(6,'2015-07-20'),(6,'2020-12-06'),(6,'2015-04-26'),(7,'2020-02-19'),(7,'2016-05-04'),(7,'2021-05-26'),(8,'2020-02-04'),(8,'2019-06-30'),(8,'2017-07-17'),(9,'2015-08-12'),(9,'2020-07-17'),(10,'2020-01-11'),(10,'2019-05-05'),(10,'2020-03-11'),(10,'2016-02-07'),(11,'2017-07-17'),(11,'2017-07-21'),(12,'2017-08-13'),(12,'2017-10-14'),(12,'2021-04-21'),(12,'2021-04-17'),(13,'2019-07-02'),(13,'2019-01-05'),(13,'2020-05-02'),(14,'2020-11-06'),(15,'2021-05-14'),(15,'2019-12-10'),(15,'2017-12-26'),(16,'2015-10-08'),(17,'2020-06-28'),(17,'2016-11-17'),(18,'2015-07-02'),(19,'2020-06-28'),(19,'2017-01-04'),(20,'2017-01-31'),(20,'2017-12-04'),(20,'2017-12-29'),(21,'2016-07-14'),(21,'2017-10-01'),(21,'2016-02-15'),(21,'2015-12-03'),(22,'2015-11-26'),(22,'2017-07-01'),(22,'2018-10-18'),(23,'2017-10-10'),(23,'2015-11-02'),(23,'2021-04-22'),(24,'2021-02-18'),(25,'2017-01-30'),(25,'2017-08-18'),(26,'2020-08-31'),(27,'2018-05-13'),(27,'2017-10-03'),(28,'2021-05-11'),(28,'2019-12-31'),(29,'2018-01-22'),(29,'2019-05-25'),(30,'2017-10-06'),(30,'2021-05-17'),(30,'2016-07-03'),(30,'2019-05-19'),(30,'2019-11-26'),(31,'2021-04-02'),(31,'2018-09-26'),(31,'2019-11-29'),(32,'2020-06-16'),(32,'2018-09-29'),(33,'2015-12-22'),(33,'2019-10-12'),(33,'2015-04-02'),(33,'2020-07-10'),(34,'2020-07-27'),(34,'2016-10-16'),(34,'2018-10-22'),(34,'2015-02-21'),(35,'2019-07-14'),(35,'2019-03-25'),(36,'2015-07-14'),(36,'2018-09-08'),(36,'2018-10-11'),(36,'2020-03-16'),(37,'2020-11-18'),(38,'2021-02-03'),(38,'2019-05-22'),(38,'2018-04-14'),(39,'2020-03-14'),(39,'2020-07-28'),(39,'2016-10-13'),(40,'2017-02-15'),(40,'2018-05-19'),(40,'2018-03-30'),(40,'2018-02-19'),(40,'2016-01-23'),(41,'2020-03-20'),(41,'2021-02-16'),(41,'2017-10-26'),(41,'2020-08-12'),(42,'2016-07-02'),(42,'2020-03-28'),(42,'2019-03-16'),(42,'2021-05-27'),(42,'2016-07-31'),(43,'2015-05-09'),(43,'2018-04-24'),(44,'2020-12-09'),(44,'2018-10-05'),(44,'2015-10-19'),(45,'2016-10-11'),(45,'2017-07-19'),(46,'2019-05-26'),(46,'2018-10-06'),(46,'2021-02-16'),(47,'2018-06-26'),(47,'2021-04-26'),(48,'2019-02-24'),(48,'2020-04-29'),(49,'2017-06-28'),(49,'2016-10-08'),(50,'2015-07-16'),(50,'2018-12-05'),(50,'2017-03-10'),(50,'2018-04-12'),(51,'2015-11-12'),(52,'2015-08-22'),(52,'2016-10-06'),(52,'2016-05-10'),(53,'2017-02-24'),(53,'2016-04-25'),(53,'2016-12-25'),(53,'2018-01-26'),(54,'2015-10-10'),(54,'2020-06-21'),(54,'2020-02-15'),(55,'2018-12-21'),(55,'2019-03-14'),(55,'2015-10-27'),(56,'2020-05-10'),(56,'2019-01-24'),(57,'2015-05-14'),(57,'2016-05-18'),(57,'2020-03-14'),(58,'2017-05-14'),(58,'2017-07-18'),(59,'2019-10-15'),(59,'2020-12-08'),(59,'2018-05-18'),(59,'2021-06-08'),(60,'2016-03-31'),(61,'2018-04-02'),(61,'2016-09-14'),(61,'2019-04-04'),(62,'2019-04-16'),(62,'2017-07-11'),(63,'2017-05-14'),(63,'2017-06-21'),(63,'2019-07-06'),(64,'2021-04-04'),(64,'2020-02-16'),(64,'2018-04-15'),(65,'2016-12-22'),(65,'2015-10-26'),(66,'2019-06-09'),(66,'2017-12-04'),(66,'2018-09-30'),(67,'2017-12-28'),(67,'2015-06-26'),(68,'2015-11-22'),(68,'2018-05-02'),(68,'2018-06-08'),(69,'2021-01-03'),(69,'2015-09-11'),(70,'2019-01-16'),(70,'2016-02-11'),(71,'2020-01-21'),(71,'2016-07-20'),(71,'2016-12-08'),(71,'2015-06-28'),(72,'2020-03-31'),(72,'2016-04-20'),(73,'2018-12-12'),(73,'2018-05-15'),(74,'2019-07-31'),(74,'2017-06-10'),(74,'2021-03-23'),(74,'2016-08-20'),(75,'2015-06-21'),(75,'2016-09-06'),(76,'2016-01-06'),(76,'2018-05-13'),(76,'2015-02-24'),(76,'2020-06-28'),(77,'2017-08-15'),(77,'2021-01-31'),(77,'2018-05-29'),(77,'2016-03-08'),(78,'2020-12-07'),(78,'2020-08-10'),(79,'2021-01-09'),(79,'2018-04-11'),(79,'2016-02-07'),(80,'2018-09-24'),(80,'2021-05-08'),(81,'2020-05-02'),(81,'2018-05-12'),(82,'2015-12-27'),(82,'2019-05-29'),(83,'2016-11-24'),(83,'2021-06-12'),(83,'2017-08-02'),(84,'2018-08-02'),(84,'2018-10-16'),(85,'2015-03-22'),(85,'2016-01-28'),(86,'2015-11-05'),(86,'2020-09-24'),(87,'2017-01-04'),(87,'2015-05-23'),(87,'2016-12-29'),(88,'2019-06-30'),(88,'2017-11-17'),(89,'2020-05-19'),(89,'2021-03-09'),(89,'2016-12-03'),(90,'2021-03-28'),(90,'2019-05-22'),(90,'2019-12-03'),(91,'2019-10-23'),(91,'2019-09-04'),(91,'2016-08-05'),(92,'2020-02-08'),(92,'2019-06-28'),(92,'2017-08-30'),(92,'2019-09-18'),(92,'2018-10-31'),(93,'2015-08-26'),(93,'2015-08-01'),(93,'2020-01-07'),(93,'2020-01-02'),(94,'2020-11-10'),(94,'2021-06-03'),(95,'2016-10-06'),(95,'2021-05-19'),(95,'2016-08-13'),(96,'2017-03-10'),(96,'2018-05-10'),(96,'2016-09-25'),(96,'2020-04-14'),(97,'2021-01-17'),(97,'2017-01-27'),(98,'2015-04-11'),(98,'2019-11-02'),(99,'2015-11-04'),(99,'2019-09-16'),(100,'2018-03-14'),(100,'2018-02-17'),(101,'2020-06-11'),(101,'2020-12-30'),(101,'2017-01-02'),(102,'2016-05-17'),(102,'2015-06-21'),(102,'2016-11-22'),(102,'2021-04-13'),(103,'2021-02-05'),(103,'2018-02-22'),(103,'2015-08-27'),(104,'2020-01-06'),(104,'2021-02-13'),(104,'2020-04-30'),(104,'2020-05-04'),(105,'2017-03-31'),(105,'2018-02-04'),(105,'2018-11-10'),(106,'2018-12-18'),(106,'2020-03-14'),(107,'2021-03-04'),(107,'2015-06-01'),(108,'2019-05-13'),(108,'2015-08-10'),(108,'2020-03-28'),(108,'2017-07-26'),(109,'2017-05-11'),(109,'2017-10-17'),(109,'2018-06-27'),(109,'2017-08-16'),(110,'2015-09-23'),(110,'2018-09-19'),(111,'2017-10-03'),(111,'2020-07-30'),(111,'2016-09-28'),(111,'2017-11-02'),(112,'2016-06-08'),(112,'2019-09-02'),(113,'2016-03-31'),(113,'2017-06-09'),(113,'2015-12-07'),(114,'2020-11-07'),(114,'2020-12-28'),(114,'2019-01-13'),(115,'2018-04-17'),(115,'2020-07-25'),(115,'2017-09-12'),(115,'2021-02-11'),(116,'2015-04-07'),(116,'2016-05-08'),(117,'2018-11-12'),(117,'2016-04-13'),(117,'2015-02-24'),(118,'2020-05-03'),(118,'2017-12-18'),(118,'2020-04-05'),(119,'2021-01-25'),(119,'2017-12-18'),(119,'2016-07-04'),(119,'2018-02-03'),(119,'2016-04-28'),(120,'2015-07-03'),(120,'2017-10-05'),(120,'2015-07-09'),(121,'2018-11-27'),(122,'2020-04-24'),(122,'2019-06-14'),(123,'2017-09-27'),(123,'2018-06-24'),(124,'2020-12-17'),(124,'2018-02-11'),(124,'2019-06-13'),(125,'2017-06-29'),(125,'2017-07-09'),(125,'2018-09-02'),(126,'2018-10-20'),(126,'2018-09-07'),(126,'2016-02-20'),(127,'2020-10-04'),(127,'2017-04-24'),(127,'2019-01-22'),(128,'2015-11-08'),(128,'2020-10-15'),(129,'2020-05-05'),(129,'2020-10-17'),(129,'2021-05-03'),(130,'2021-01-09'),(130,'2018-03-07'),(130,'2019-02-06'),(131,'2019-12-03'),(131,'2016-03-03'),(131,'2015-11-29'),(131,'2016-11-13'),(131,'2015-02-19'),(132,'2020-02-10'),(132,'2018-03-08'),(133,'2016-09-29'),(133,'2019-04-10'),(134,'2016-08-08'),(134,'2019-12-30'),(135,'2018-10-23'),(135,'2020-06-17'),(135,'2020-12-14'),(136,'2018-03-13'),(136,'2016-08-15'),(136,'2021-05-04'),(136,'2015-11-22'),(137,'2017-05-03'),(137,'2016-12-29'),(138,'2021-01-20'),(138,'2019-02-06'),(139,'2017-12-08'),(139,'2017-11-27'),(139,'2018-03-28'),(139,'2017-04-08'),(139,'2016-01-23'),(140,'2019-11-13'),(141,'2015-11-09'),(141,'2016-10-12'),(142,'2019-04-19'),(142,'2016-12-16'),(142,'2019-10-01'),(142,'2016-07-27'),(142,'2017-06-15'),(143,'2019-06-12'),(143,'2017-03-12'),(143,'2018-10-10'),(144,'2019-12-05'),(144,'2016-05-28'),(144,'2020-11-06'),(145,'2020-01-15'),(145,'2019-08-23'),(146,'2018-05-26'),(146,'2015-08-06'),(146,'2021-05-05'),(146,'2017-09-21'),(147,'2020-02-22'),(147,'2021-03-23'),(147,'2020-01-22'),(148,'2016-08-06'),(148,'2019-06-06'),(149,'2021-05-02'),(149,'2016-06-13'),(150,'2018-11-28'),(150,'2017-12-17'),(150,'2017-04-21'),(150,'2019-02-09'),(151,'2015-02-26'),(151,'2019-12-17'),(151,'2015-03-17'),(152,'2018-01-01'),(152,'2016-09-10'),(153,'2015-03-19'),(153,'2017-04-03'),(153,'2015-08-28'),(153,'2020-04-05'),(153,'2019-02-17'),(154,'2018-02-15'),(154,'2015-12-14'),(154,'2017-08-05'),(154,'2019-09-25'),(154,'2021-01-14'),(155,'2020-02-24'),(155,'2020-03-19'),(155,'2016-01-21'),(156,'2017-02-08'),(156,'2020-05-09'),(156,'2019-02-25'),(157,'2019-09-03'),(157,'2020-09-06'),(157,'2017-04-02'),(158,'2017-06-15'),(158,'2020-06-24'),(158,'2018-07-21'),(159,'2018-05-20'),(159,'2021-02-17'),(160,'2017-06-18'),(160,'2018-11-13'),(161,'2017-03-13'),(161,'2021-01-04'),(161,'2016-06-23'),(162,'2019-02-20'),(162,'2019-06-01'),(162,'2020-02-02'),(163,'2019-01-29'),(163,'2016-10-26'),(163,'2017-04-02'),(163,'2017-03-06'),(164,'2015-08-06'),(164,'2020-12-09'),(164,'2016-08-10'),(165,'2016-06-20'),(165,'2017-11-16'),(165,'2021-03-02'),(166,'2017-12-17'),(166,'2015-11-19'),(166,'2015-07-20'),(167,'2018-10-23'),(167,'2019-06-20'),(167,'2020-11-04'),(167,'2016-05-09'),(168,'2018-03-08'),(168,'2021-01-15'),(168,'2018-08-15'),(168,'2018-10-21'),(169,'2016-06-18'),(169,'2016-07-04'),(169,'2016-07-29'),(169,'2021-01-31'),(170,'2017-09-03'),(170,'2018-04-03'),(170,'2017-06-10'),(171,'2016-04-06'),(171,'2020-08-03'),(171,'2016-09-02'),(171,'2016-02-01'),(172,'2017-04-15'),(173,'2019-06-19'),(174,'2017-07-29'),(174,'2016-01-19'),(174,'2021-01-09'),(175,'2019-03-29'),(175,'2021-06-13'),(176,'2020-06-29'),(176,'2019-09-16'),(176,'2016-01-15'),(177,'2020-12-25'),(177,'2020-11-23'),(178,'2018-04-14'),(178,'2020-03-12'),(178,'2020-09-24'),(179,'2020-05-07'),(179,'2020-01-26'),(179,'2016-04-08'),(180,'2018-04-05'),(180,'2021-06-01'),(181,'2016-02-03'),(181,'2020-09-03'),(181,'2017-10-12'),(182,'2015-04-07'),(182,'2018-11-15'),(182,'2018-08-13'),(183,'2017-08-06'),(184,'2018-03-28'),(185,'2019-07-13'),(185,'2016-08-26'),(185,'2017-07-13'),(185,'2019-09-21'),(186,'2021-01-19'),(186,'2019-08-11'),(187,'2017-05-14'),(187,'2019-04-22'),(188,'2021-03-15'),(188,'2018-06-28'),(188,'2017-07-28'),(189,'2019-01-26'),(189,'2018-09-07'),(190,'2017-08-02'),(190,'2015-05-25'),(190,'2017-06-01'),(190,'2018-10-04'),(191,'2015-08-24'),(191,'2016-04-04'),(191,'2018-09-21'),(192,'2019-07-31'),(192,'2017-07-18'),(192,'2019-11-16'),(193,'2021-02-27'),(193,'2015-04-08'),(194,'2017-06-09'),(194,'2018-04-08'),(195,'2020-09-03'),(195,'2015-05-31'),(195,'2016-04-26'),(196,'2018-08-31'),(196,'2019-01-02'),(196,'2015-12-28'),(196,'2017-03-14'),(197,'2017-08-20'),(197,'2020-04-16'),(197,'2020-01-05'),(197,'2016-12-05'),(198,'2016-11-29'),(198,'2019-08-30'),(198,'2017-08-12'),(199,'2016-07-09'),(199,'2017-01-15'),(199,'2019-02-01'),(200,'2018-07-07'),(200,'2020-02-21'),(200,'2020-01-11'),(201,'2019-04-13'),(201,'2017-01-21'),(202,'2017-04-09'),(202,'2015-10-14'),(203,'2020-11-06'),(203,'2019-02-18'),(203,'2017-05-21'),(204,'2017-07-18'),(204,'2016-11-01'),(204,'2016-10-09'),(204,'2017-01-13'),(205,'2016-10-11'),(205,'2018-10-18'),(205,'2018-10-21'),(206,'2016-06-22'),(206,'2017-11-01'),(206,'2017-03-02'),(206,'2017-06-16'),(206,'2016-06-04'),(207,'2017-11-18'),(207,'2017-08-01'),(208,'2015-04-29'),(208,'2017-10-23'),(208,'2015-02-22'),(208,'2017-11-03'),(209,'2020-08-18'),(209,'2016-07-01'),(209,'2021-02-02'),(209,'2020-01-18'),(209,'2020-09-04'),(210,'2019-12-20'),(210,'2015-10-29'),(210,'2018-01-20'),(211,'2016-07-27'),(211,'2017-01-25'),(211,'2016-09-21'),(212,'2016-12-02'),(212,'2018-07-14'),(212,'2016-04-26'),(212,'2019-09-28'),(213,'2019-07-21'),(213,'2019-08-24'),(213,'2017-08-18'),(213,'2015-04-18'),(214,'2020-01-13'),(214,'2015-07-17'),(215,'2020-09-24'),(215,'2018-05-27'),(215,'2017-04-24'),(215,'2016-04-05'),(215,'2016-11-01'),(216,'2020-06-26'),(216,'2018-12-18'),(217,'2018-12-11'),(217,'2017-11-06'),(218,'2019-08-09'),(218,'2021-04-20'),(219,'2017-09-04'),(219,'2016-08-17'),(220,'2020-02-08'),(220,'2016-05-30'),(220,'2015-05-08'),(220,'2017-05-02'),(221,'2021-03-13'),(221,'2021-05-19'),(222,'2021-01-31'),(223,'2018-04-10'),(223,'2019-04-07'),(224,'2020-04-05'),(224,'2016-12-11'),(224,'2015-11-16'),(224,'2017-01-19'),(225,'2019-01-12'),(226,'2017-12-22'),(227,'2019-02-24'),(227,'2016-07-15'),(227,'2018-07-07'),(228,'2017-05-03'),(228,'2016-09-29'),(229,'2019-05-29'),(229,'2015-10-22'),(229,'2015-12-20'),(230,'2020-10-13'),(230,'2015-05-01'),(230,'2015-10-11'),(231,'2017-03-01'),(231,'2016-07-10'),(232,'2019-08-26'),(232,'2021-02-02'),(233,'2018-08-14'),(233,'2019-05-19'),(233,'2015-08-06'),(234,'2019-12-06'),(234,'2015-09-18'),(234,'2017-07-04'),(234,'2020-11-28'),(235,'2019-04-07'),(235,'2018-12-30'),(235,'2019-06-02'),(235,'2020-12-28'),(235,'2020-06-19'),(236,'2019-08-14'),(237,'2016-08-21'),(237,'2018-08-19'),(238,'2017-10-09'),(238,'2015-10-08'),(238,'2019-05-27'),(239,'2016-10-31'),(239,'2017-12-29'),(240,'2018-11-08'),(240,'2019-02-13'),(241,'2015-07-24'),(242,'2016-07-27'),(242,'2015-03-29'),(243,'2017-10-22'),(243,'2019-11-10'),(243,'2018-10-20'),(244,'2018-08-09'),(244,'2020-09-09'),(245,'2019-07-08'),(245,'2017-08-05'),(245,'2020-05-30'),(246,'2020-06-23'),(246,'2016-08-15'),(246,'2017-10-21'),(247,'2019-04-12'),(247,'2019-04-17'),(248,'2018-09-30'),(248,'2021-04-04'),(248,'2020-04-28'),(249,'2016-12-28'),(249,'2019-11-28'),(250,'2020-05-13'),(251,'2016-09-28'),(251,'2016-09-14'),(251,'2015-10-26'),(252,'2018-07-31'),(252,'2018-04-30'),(252,'2015-04-11'),(253,'2018-04-01'),(253,'2016-02-25'),(253,'2020-08-16'),(254,'2021-02-15'),(254,'2017-12-27'),(254,'2017-09-17'),(254,'2021-01-05'),(254,'2020-02-29'),(255,'2018-08-20'),(255,'2018-06-06'),(256,'2016-03-23'),(256,'2020-11-20'),(257,'2019-04-14'),(257,'2020-10-05'),(258,'2018-10-18'),(258,'2015-07-21'),(259,'2016-06-03'),(259,'2015-04-28'),(259,'2015-02-25'),(259,'2016-10-27'),(259,'2019-03-06'),(260,'2019-04-04'),(260,'2018-07-18'),(260,'2019-07-14'),(261,'2016-09-12'),(261,'2018-03-20'),(261,'2016-06-26'),(262,'2016-10-13'),(262,'2015-02-12'),(263,'2015-11-30'),(263,'2017-01-03'),(263,'2016-06-23'),(264,'2021-03-19'),(264,'2016-11-27'),(264,'2020-10-21'),(265,'2019-07-31'),(265,'2019-09-05'),(266,'2016-11-05'),(266,'2018-05-14'),(266,'2017-05-19'),(267,'2021-06-14'),(267,'2020-09-01'),(268,'2015-04-14'),(268,'2016-09-28'),(269,'2015-03-17'),(269,'2019-02-16'),(270,'2019-01-02'),(270,'2018-02-25'),(270,'2019-05-30'),(271,'2018-04-13'),(271,'2018-09-09'),(271,'2016-04-18'),(272,'2017-01-12'),(272,'2019-01-09'),(272,'2018-03-15'),(272,'2020-01-16'),(272,'2015-12-08'),(273,'2015-02-22'),(273,'2015-07-29'),(274,'2016-02-28'),(274,'2015-09-21'),(275,'2015-09-05'),(275,'2020-12-14'),(276,'2017-06-01'),(276,'2015-05-15'),(277,'2019-07-28'),(277,'2016-03-29'),(277,'2016-06-13'),(278,'2018-02-28'),(278,'2017-06-03'),(278,'2017-06-27'),(279,'2016-04-30'),(279,'2020-02-26'),(280,'2019-08-09'),(280,'2019-01-22'),(280,'2019-10-22'),(281,'2019-11-26'),(281,'2015-07-03'),(282,'2018-05-12'),(282,'2020-01-20'),(282,'2017-05-10'),(283,'2017-10-02'),(283,'2020-07-28'),(283,'2018-05-19'),(283,'2017-03-01'),(284,'2019-08-13'),(284,'2016-01-02'),(285,'2019-06-29'),(285,'2018-12-13'),(285,'2016-02-15'),(286,'2019-01-08'),(286,'2018-07-06'),(287,'2017-09-22'),(287,'2021-03-19'),(288,'2018-12-14'),(288,'2019-11-25'),(288,'2020-09-15'),(289,'2020-05-13'),(289,'2020-08-01'),(290,'2020-11-13'),(290,'2016-08-27'),(290,'2019-12-02'),(290,'2016-01-17'),(290,'2016-11-20'),(291,'2020-10-26'),(292,'2015-12-27'),(292,'2020-09-09'),(292,'2017-11-03'),(292,'2020-12-29'),(292,'2017-04-07'),(293,'2015-08-31'),(293,'2017-12-01'),(294,'2019-03-25'),(294,'2018-07-16'),(294,'2020-02-06'),(295,'2018-02-07'),(295,'2021-04-24'),(296,'2017-12-22'),(296,'2021-04-01'),(296,'2020-10-17'),(296,'2015-09-10'),(297,'2019-04-25'),(297,'2018-06-26'),(297,'2016-07-10'),(297,'2017-06-28'),(298,'2015-04-13'),(298,'2016-03-29'),(298,'2017-08-01'),(298,'2019-12-04'),(299,'2020-09-29'),(299,'2019-12-10'),(300,'2020-01-03'),(300,'2019-02-27'),(300,'2021-02-19'),(301,'2018-12-19'),(302,'2015-10-29'),(302,'2018-10-03'),(302,'2019-07-21'),(303,'2019-06-08'),(304,'2015-08-26'),(304,'2017-12-05'),(304,'2018-12-11'),(305,'2015-08-25'),(305,'2020-05-23'),(305,'2018-01-25'),(306,'2015-11-03'),(306,'2016-10-08'),(307,'2017-11-15'),(307,'2021-01-25'),(307,'2015-04-24'),(307,'2020-07-10'),(308,'2021-01-31'),(308,'2019-11-13'),(309,'2019-10-31'),(309,'2018-04-30'),(309,'2020-07-30'),(310,'2018-10-30'),(311,'2016-01-31'),(311,'2020-03-11'),(311,'2016-08-03'),(312,'2020-05-04'),(312,'2017-09-15'),(312,'2017-10-01'),(312,'2015-12-25'),(313,'2020-02-18'),(313,'2020-09-12'),(314,'2020-08-09'),(314,'2017-05-12'),(315,'2019-07-28'),(315,'2015-07-16'),(315,'2018-10-24'),(316,'2016-06-26'),(316,'2019-09-30'),(317,'2018-05-04'),(317,'2016-02-04'),(317,'2017-04-24'),(318,'2015-10-17'),(318,'2020-10-27'),(318,'2016-09-30'),(319,'2018-05-17'),(319,'2017-01-01'),(320,'2015-06-23'),(320,'2021-03-03'),(320,'2018-07-19'),(321,'2015-09-29'),(321,'2017-12-25'),(321,'2021-06-13'),(322,'2019-02-19'),(322,'2019-05-25'),(323,'2016-11-24'),(323,'2017-09-25'),(323,'2018-09-07'),(323,'2018-12-28'),(323,'2020-09-10'),(324,'2017-06-17'),(324,'2018-11-16'),(324,'2020-12-05'),(325,'2021-01-12'),(325,'2019-07-28'),(326,'2017-03-06'),(326,'2016-02-06'),(326,'2017-10-28'),(327,'2017-11-24'),(327,'2018-05-08'),(327,'2016-09-22'),(328,'2021-01-19'),(328,'2017-07-13'),(329,'2017-05-23'),(330,'2017-09-25'),(330,'2020-11-24'),(331,'2018-03-20'),(331,'2020-04-09'),(332,'2018-07-28'),(332,'2018-01-17'),(332,'2020-04-01'),(333,'2017-02-04'),(333,'2020-11-14'),(333,'2018-02-05'),(334,'2021-03-21'),(335,'2019-12-05'),(335,'2020-08-03'),(336,'2020-09-24'),(336,'2018-01-10'),(336,'2017-01-19'),(337,'2015-09-13'),(337,'2021-04-11'),(337,'2021-02-25'),(338,'2015-09-21'),(338,'2017-07-25'),(338,'2020-10-08'),(339,'2018-12-11'),(339,'2017-08-04'),(339,'2015-06-21'),(340,'2017-08-20'),(340,'2020-11-06'),(340,'2016-12-17'),(341,'2019-01-25'),(341,'2021-01-16'),(342,'2017-10-08'),(342,'2020-09-03'),(343,'2017-09-27'),(344,'2017-06-07'),(344,'2017-03-27'),(345,'2020-08-04'),(345,'2019-04-03'),(345,'2017-12-27'),(346,'2019-06-18'),(346,'2019-04-08'),(346,'2020-03-12'),(346,'2015-03-22'),(347,'2016-12-12'),(347,'2017-10-20'),(347,'2017-02-10'),(348,'2016-04-17'),(348,'2019-01-29'),(348,'2016-02-03'),(348,'2020-03-01'),(348,'2021-06-09'),(349,'2018-05-03'),(349,'2019-10-03'),(349,'2016-05-14'),(349,'2019-07-27'),(350,'2018-01-04'),(350,'2019-08-23'),(350,'2020-02-02'),(351,'2018-01-25'),(351,'2017-02-09'),(352,'2021-02-19'),(352,'2017-11-08'),(352,'2017-01-14'),(352,'2017-03-15'),(353,'2015-04-02'),(353,'2017-12-26'),(353,'2019-02-11'),(354,'2016-01-14'),(354,'2017-01-29'),(354,'2017-03-18'),(355,'2020-09-09'),(355,'2016-06-05'),(355,'2018-01-11'),(355,'2016-03-20'),(356,'2017-12-23'),(357,'2017-11-10'),(357,'2017-10-07'),(357,'2017-08-02'),(357,'2020-11-27'),(358,'2018-05-03'),(358,'2017-08-17'),(358,'2016-12-02'),(358,'2017-07-25'),(359,'2017-08-03'),(359,'2019-10-06'),(360,'2020-01-24'),(360,'2019-02-11'),(361,'2017-01-07'),(361,'2018-11-08'),(362,'2021-01-02'),(362,'2020-08-11'),(362,'2015-10-12'),(363,'2020-03-15'),(364,'2018-02-02'),(364,'2015-05-08'),(364,'2018-11-17'),(365,'2016-05-18'),(365,'2018-05-18'),(366,'2015-12-11'),(366,'2019-11-09'),(366,'2019-06-22'),(367,'2021-01-01'),(367,'2017-12-08'),(367,'2017-04-26'),(368,'2020-11-18'),(368,'2016-05-02'),(368,'2017-03-04'),(369,'2017-08-23'),(369,'2019-08-29'),(370,'2016-09-16'),(370,'2018-06-01'),(371,'2018-01-13'),(371,'2020-04-15'),(372,'2015-03-19'),(372,'2018-05-03'),(372,'2016-01-05'),(372,'2021-04-29'),(373,'2021-02-11'),(373,'2019-09-20'),(373,'2015-09-08'),(374,'2019-08-02'),(374,'2021-01-21'),(374,'2021-02-12'),(375,'2017-07-19'),(375,'2017-03-28'),(375,'2021-02-28'),(376,'2017-10-27'),(376,'2017-12-28'),(376,'2016-06-08'),(377,'2017-07-20'),(377,'2017-06-15'),(377,'2020-08-18'),(378,'2019-04-21'),(378,'2018-03-14'),(379,'2017-07-12'),(379,'2019-03-04'),(379,'2021-06-08'),(380,'2016-10-11'),(380,'2016-09-14'),(380,'2018-07-30'),(380,'2016-08-07'),(381,'2020-08-01'),(381,'2021-05-17'),(381,'2016-02-16'),(382,'2021-06-12'),(382,'2017-11-26'),(382,'2018-07-31'),(383,'2019-05-03'),(383,'2016-06-20'),(383,'2018-10-25'),(383,'2016-06-08'),(383,'2020-01-10'),(384,'2017-09-22'),(384,'2020-01-04'),(385,'2016-10-04'),(385,'2017-04-18'),(386,'2020-07-23'),(386,'2019-07-30'),(387,'2018-11-07'),(387,'2021-02-20'),(387,'2019-11-01'),(388,'2019-10-24'),(389,'2018-01-28'),(390,'2015-05-20'),(390,'2016-03-26'),(390,'2016-10-08'),(391,'2021-01-01'),(391,'2020-01-01'),(391,'2018-10-10'),(392,'2021-02-11'),(392,'2018-08-08'),(393,'2015-09-26'),(393,'2016-06-21'),(393,'2018-06-24'),(394,'2017-08-06'),(394,'2020-10-25'),(395,'2015-11-11'),(395,'2017-03-22'),(396,'2017-05-16'),(396,'2019-08-27'),(396,'2018-06-22'),(397,'2017-06-03'),(397,'2020-10-01'),(397,'2019-05-04'),(397,'2020-01-08'),(398,'2016-05-09'),(398,'2016-12-20'),(399,'2015-07-17'),(399,'2017-02-24'),(399,'2016-03-29'),(400,'2016-09-20'),(400,'2019-06-11'),(400,'2018-09-26'),(401,'2016-06-17'),(401,'2020-08-29'),(401,'2021-04-08'),(402,'2020-10-02'),(402,'2021-02-01'),(403,'2020-06-20'),(403,'2019-09-01'),(404,'2017-09-18'),(404,'2018-03-21'),(404,'2017-02-01'),(405,'2017-08-08'),(406,'2017-03-04'),(406,'2015-10-24'),(406,'2015-06-01'),(407,'2017-10-27'),(407,'2015-06-28'),(408,'2019-10-30'),(408,'2018-06-27'),(408,'2021-03-19'),(409,'2016-11-15'),(409,'2020-08-08'),(410,'2020-02-21'),(410,'2021-02-11'),(411,'2017-06-24'),(411,'2015-03-05'),(411,'2017-04-05'),(412,'2021-03-09'),(412,'2017-06-13'),(413,'2019-12-16'),(413,'2018-12-20'),(413,'2017-04-11'),(414,'2018-09-05'),(414,'2021-03-28'),(414,'2019-04-06'),(415,'2020-05-09'),(415,'2020-01-23'),(415,'2021-03-18'),(416,'2015-04-12'),(416,'2016-08-15'),(417,'2016-11-02'),(417,'2017-10-28'),(418,'2017-03-13'),(418,'2018-01-14'),(419,'2015-09-13'),(419,'2020-08-11'),(419,'2017-07-29'),(420,'2019-08-19'),(420,'2018-05-18'),(421,'2017-05-11'),(421,'2016-07-25'),(422,'2016-08-09'),(422,'2015-09-19'),(422,'2020-03-01'),(423,'2015-12-08'),(423,'2018-08-21'),(424,'2015-04-12'),(424,'2017-08-03'),(424,'2020-06-09'),(425,'2016-06-28'),(425,'2019-09-11'),(426,'2015-04-10'),(426,'2018-04-13'),(427,'2020-04-25'),(427,'2020-01-28'),(428,'2018-05-16'),(428,'2019-07-31'),(429,'2018-11-02'),(429,'2016-01-17'),(429,'2018-09-03'),(430,'2020-03-21'),(431,'2019-05-29'),(432,'2016-11-26'),(432,'2017-05-15'),(432,'2018-10-30'),(433,'2017-07-17'),(433,'2016-12-21'),(433,'2015-03-04'),(433,'2016-08-09'),(434,'2015-04-10'),(434,'2018-03-29'),(434,'2015-04-26'),(434,'2017-04-07'),(435,'2019-09-07'),(435,'2019-05-11'),(435,'2017-04-07'),(436,'2020-04-15'),(436,'2020-12-29'),(437,'2021-02-15'),(437,'2018-09-30'),(438,'2020-12-20'),(438,'2017-10-18'),(438,'2017-05-19'),(439,'2017-02-28'),(439,'2019-05-14'),(439,'2016-01-13'),(440,'2019-02-03'),(440,'2019-12-29'),(441,'2019-01-02'),(441,'2018-05-28'),(441,'2015-07-14'),(441,'2016-06-04'),(442,'2015-11-06'),(442,'2016-12-02'),(442,'2018-01-30'),(443,'2017-12-01'),(443,'2016-09-27'),(443,'2018-09-20'),(443,'2016-04-10'),(444,'2019-08-30'),(444,'2019-03-30'),(445,'2016-01-24'),(445,'2020-01-02'),(445,'2015-04-22'),(446,'2015-11-05'),(446,'2021-01-31'),(447,'2015-09-29'),(447,'2019-02-16'),(447,'2019-05-28'),(447,'2016-08-19'),(448,'2018-12-02'),(448,'2021-02-06'),(449,'2016-07-21'),(449,'2020-07-14'),(450,'2021-01-25'),(450,'2017-01-09'),(450,'2021-02-07'),(450,'2016-07-22'),(450,'2016-09-17'),(451,'2015-05-16'),(451,'2015-04-21'),(451,'2015-08-09'),(452,'2015-10-20'),(452,'2020-02-24'),(452,'2021-03-05'),(453,'2018-10-13'),(453,'2017-12-31'),(453,'2018-05-20'),(453,'2017-02-01'),(454,'2020-03-06'),(454,'2019-09-05'),(454,'2017-01-21'),(455,'2015-02-23'),(455,'2016-11-17'),(455,'2019-08-22'),(455,'2020-06-24'),(456,'2016-09-18'),(456,'2016-05-09'),(457,'2018-07-24'),(457,'2017-11-20'),(457,'2017-12-15'),(457,'2019-03-21'),(457,'2017-02-05'),(458,'2015-07-25'),(458,'2020-06-20'),(459,'2018-11-10'),(459,'2017-04-30'),(459,'2016-04-15'),(460,'2021-03-06'),(461,'2019-04-20'),(461,'2015-08-01'),(461,'2018-01-27'),(462,'2020-07-30'),(462,'2017-12-25'),(463,'2018-03-24'),(463,'2018-04-15'),(463,'2017-02-02'),(464,'2015-08-19'),(464,'2016-12-29'),(465,'2019-03-03'),(465,'2018-11-10'),(465,'2019-08-05'),(466,'2017-11-15'),(466,'2017-12-01'),(467,'2015-06-26'),(467,'2015-10-02'),(467,'2018-08-06'),(468,'2019-11-20'),(468,'2018-01-18'),(469,'2021-06-08'),(469,'2017-03-28'),(470,'2015-03-25'),(470,'2018-10-10'),(470,'2021-03-02'),(471,'2020-08-06'),(471,'2020-07-11'),(472,'2016-10-05'),(472,'2018-05-14'),(472,'2016-08-19'),(472,'2017-11-03'),(473,'2015-07-21'),(473,'2018-07-08'),(474,'2017-03-27'),(474,'2016-11-06'),(474,'2015-07-11'),(475,'2019-09-15'),(475,'2018-07-14'),(475,'2020-10-28'),(476,'2020-01-07'),(477,'2020-09-27'),(477,'2016-03-06'),(478,'2018-06-05'),(478,'2015-07-21'),(478,'2016-04-26'),(479,'2018-04-18'),(479,'2019-09-18'),(479,'2016-11-08'),(479,'2016-06-20'),(480,'2019-05-16'),(480,'2021-04-06'),(480,'2021-05-19'),(481,'2019-10-17'),(481,'2020-04-30'),(482,'2016-09-08'),(483,'2016-06-10'),(483,'2019-12-05'),(484,'2021-02-17'),(484,'2020-05-20'),(484,'2016-09-22'),(485,'2016-06-01'),(485,'2021-04-22'),(486,'2017-02-22'),(486,'2020-11-24'),(486,'2015-10-19'),(487,'2016-08-24'),(487,'2018-05-04'),(488,'2015-10-07'),(488,'2018-02-25'),(489,'2020-05-25'),(489,'2015-03-23'),(489,'2016-11-05'),(490,'2016-05-16'),(490,'2016-12-15'),(490,'2021-04-25'),(491,'2016-08-02'),(491,'2015-07-23'),(491,'2021-05-22'),(492,'2015-10-18'),(492,'2021-04-15'),(492,'2019-11-19'),(493,'2018-06-27'),(493,'2019-11-14'),(494,'2020-08-04'),(494,'2020-02-12'),(495,'2017-07-09'),(495,'2018-02-01'),(495,'2018-02-06'),(495,'2017-06-01'),(496,'2015-05-14'),(496,'2018-04-11'),(497,'2019-11-21'),(497,'2020-10-08'),(497,'2018-11-07'),(498,'2016-12-18'),(498,'2017-11-05'),(498,'2017-11-10'),(498,'2018-10-28'),(498,'2019-10-22'),(499,'2018-05-21'),(499,'2019-08-16'),(500,'2017-08-06'),(500,'2019-07-03'),(501,'2020-05-15'),(501,'2018-03-28'),(502,'2016-11-11'),(502,'2018-05-25'),(502,'2019-02-10'),(502,'2019-04-29'),(502,'2020-05-13'),(503,'2016-07-28'),(503,'2018-07-25'),(503,'2017-02-11'),(504,'2016-07-08'),(504,'2017-11-20'),(504,'2019-10-11'),(505,'2018-12-30'),(505,'2018-02-24'),(505,'2018-08-30'),(505,'2016-02-14'),(506,'2019-04-07'),(506,'2019-01-19'),(506,'2018-02-19'),(507,'2020-03-19'),(507,'2016-08-31'),(508,'2015-07-28'),(508,'2021-06-10'),(508,'2016-10-12'),(508,'2021-05-08'),(508,'2021-06-04'),(509,'2015-02-15'),(509,'2020-12-12'),(510,'2020-10-16'),(510,'2018-05-01'),(511,'2015-03-13'),(511,'2018-10-13'),(511,'2017-07-10'),(512,'2021-02-01'),(512,'2019-06-10'),(513,'2017-08-22'),(513,'2020-02-11'),(514,'2019-12-12'),(514,'2020-06-12'),(514,'2020-09-12'),(515,'2019-11-27'),(515,'2021-06-10'),(516,'2015-06-16'),(516,'2015-10-26'),(516,'2019-04-05'),(517,'2019-11-15'),(517,'2018-02-24'),(517,'2017-08-25'),(517,'2015-11-28'),(518,'2019-07-17'),(518,'2015-02-16'),(518,'2021-05-09'),(518,'2018-04-05'),(519,'2017-12-17'),(519,'2020-05-29'),(520,'2015-08-23'),(520,'2019-01-19'),(520,'2019-02-14'),(521,'2018-10-28'),(521,'2018-07-06'),(522,'2021-01-31'),(522,'2017-09-08'),(522,'2017-02-27'),(523,'2015-03-09'),(523,'2017-09-03'),(523,'2018-07-31'),(523,'2020-03-11'),(524,'2017-06-04'),(524,'2018-03-26'),(524,'2018-04-28'),(525,'2016-01-22'),(525,'2017-05-21'),(525,'2021-06-10'),(525,'2017-08-23'),(525,'2021-05-28'),(526,'2019-11-06'),(526,'2017-01-31'),(526,'2016-06-04'),(527,'2015-10-26'),(527,'2018-04-28'),(527,'2019-05-06'),(528,'2016-11-12'),(528,'2019-12-04'),(528,'2015-07-04'),(528,'2016-09-30'),(529,'2016-12-01'),(529,'2017-12-11'),(529,'2018-09-05'),(530,'2018-03-06'),(530,'2016-10-29'),(531,'2017-01-31'),(531,'2021-05-16'),(532,'2018-01-09'),(532,'2015-08-01'),(533,'2021-01-15'),(533,'2019-04-08'),(533,'2020-04-19'),(533,'2019-02-03'),(534,'2017-12-29'),(534,'2019-10-01'),(535,'2019-06-12'),(535,'2016-05-13'),(535,'2015-11-15'),(536,'2017-04-14'),(536,'2020-01-08'),(537,'2017-11-15'),(537,'2017-06-13'),(537,'2015-03-31'),(538,'2020-04-09'),(538,'2015-11-29'),(538,'2016-11-25'),(539,'2017-04-20'),(539,'2016-07-14'),(539,'2019-10-21'),(540,'2017-04-30'),(540,'2015-03-06'),(541,'2021-05-05'),(541,'2021-03-01'),(542,'2020-02-29'),(542,'2018-08-27'),(542,'2020-05-28'),(543,'2017-03-25'),(543,'2018-06-29'),(544,'2015-03-04'),(544,'2020-06-29'),(545,'2019-06-16'),(546,'2015-07-07'),(546,'2017-03-12'),(547,'2017-01-21'),(547,'2016-07-01'),(547,'2018-01-16'),(547,'2017-02-12'),(547,'2017-06-26'),(548,'2020-03-04'),(548,'2017-07-08'),(548,'2017-03-08'),(549,'2017-07-17'),(549,'2016-10-29'),(550,'2019-04-19'),(550,'2020-08-06'),(550,'2015-08-06'),(551,'2017-10-09'),(551,'2018-04-07'),(552,'2018-07-08'),(552,'2015-05-30'),(553,'2019-06-20'),(553,'2020-12-02'),(553,'2021-04-02'),(554,'2021-02-06'),(554,'2018-02-01'),(554,'2015-04-28'),(554,'2017-06-22'),(554,'2019-08-07'),(555,'2019-07-06'),(555,'2021-05-24'),(555,'2020-11-15'),(556,'2019-10-20'),(556,'2019-05-08'),(556,'2015-12-24'),(557,'2015-12-25'),(557,'2019-11-17'),(557,'2017-01-31'),(558,'2015-05-20'),(559,'2018-01-23'),(559,'2016-01-18'),(559,'2015-11-29'),(559,'2017-04-09'),(560,'2018-11-04'),(560,'2018-11-23'),(560,'2016-10-21'),(560,'2018-10-24'),(561,'2019-02-25'),(561,'2016-07-21'),(562,'2019-04-03'),(562,'2018-03-19'),(562,'2020-09-06'),(563,'2015-07-15'),(563,'2018-10-17'),(563,'2018-06-09'),(564,'2020-07-20'),(564,'2017-11-28'),(564,'2016-05-30'),(565,'2017-08-17'),(565,'2015-04-26'),(566,'2016-05-01'),(566,'2017-06-28'),(567,'2018-10-27'),(567,'2020-05-07'),(567,'2019-06-26'),(568,'2016-03-22'),(568,'2017-10-27'),(568,'2016-06-28'),(568,'2017-02-28'),(569,'2019-06-16'),(569,'2017-03-22'),(569,'2017-02-13'),(570,'2018-04-21'),(571,'2016-08-04'),(571,'2019-12-05'),(572,'2020-12-29'),(572,'2019-08-29'),(573,'2021-02-25'),(573,'2016-04-21'),(574,'2015-08-12'),(574,'2015-07-24'),(574,'2017-06-15'),(575,'2015-04-27'),(575,'2020-12-03'),(576,'2017-04-05'),(576,'2019-12-29'),(577,'2021-04-30'),(577,'2017-09-03'),(577,'2017-04-02'),(578,'2015-12-27'),(578,'2017-06-12'),(578,'2020-08-17'),(579,'2016-05-04'),(579,'2018-05-13'),(579,'2015-12-11'),(579,'2017-06-14'),(580,'2020-08-14'),(580,'2016-04-22'),(580,'2018-05-21'),(581,'2021-04-09'),(581,'2016-06-19'),(581,'2019-09-08'),(582,'2021-05-30'),(582,'2019-01-30'),(582,'2015-08-06'),(582,'2021-01-11'),(583,'2017-02-09'),(583,'2016-01-27'),(584,'2021-01-27'),(584,'2020-06-26'),(584,'2017-09-25'),(585,'2021-01-17'),(585,'2018-03-18'),(585,'2020-02-15'),(586,'2016-01-29'),(586,'2020-03-31'),(586,'2019-10-19'),(586,'2015-06-26'),(587,'2015-12-17'),(587,'2020-02-26'),(587,'2020-06-05'),(587,'2015-12-05'),(587,'2020-05-29'),(588,'2020-09-19'),(588,'2018-03-31'),(588,'2017-03-07'),(588,'2018-06-22'),(589,'2016-11-12'),(589,'2020-08-11'),(590,'2016-08-28'),(590,'2019-08-30'),(590,'2016-05-24'),(590,'2017-10-28'),(590,'2017-01-01'),(591,'2020-07-26'),(591,'2020-12-14'),(592,'2016-01-15'),(592,'2018-01-28'),(593,'2017-09-05'),(593,'2019-08-03'),(594,'2015-04-27'),(594,'2016-03-17'),(594,'2015-10-01'),(594,'2016-03-12'),(595,'2020-07-06'),(595,'2019-12-29'),(595,'2017-06-15'),(595,'2021-02-25'),(596,'2020-01-10'),(596,'2019-05-26'),(596,'2016-09-30'),(597,'2016-09-19'),(597,'2016-01-01'),(597,'2019-02-16'),(598,'2019-09-02'),(598,'2019-06-21'),(599,'2020-10-24'),(599,'2019-02-11'),(599,'2019-03-26'),(599,'2015-05-25'),(600,'2019-11-23'),(600,'2017-04-08'),(601,'2020-10-30'),(602,'2021-03-26'),(602,'2017-06-23'),(602,'2017-01-31'),(602,'2015-11-28'),(602,'2016-05-02'),(603,'2016-08-24'),(603,'2017-08-03'),(604,'2020-09-19'),(604,'2017-09-28'),(605,'2019-01-10'),(605,'2019-04-18'),(605,'2018-07-06'),(606,'2016-07-16'),(606,'2020-08-15'),(606,'2017-10-15'),(607,'2016-06-05'),(607,'2016-08-16'),(607,'2021-03-01'),(608,'2018-02-10'),(608,'2021-05-03'),(608,'2018-02-05'),(609,'2020-07-22'),(609,'2017-12-10'),(609,'2020-07-05'),(609,'2020-03-28'),(610,'2019-08-11'),(610,'2016-02-29'),(610,'2019-03-24'),(611,'2017-08-21'),(611,'2018-10-01'),(612,'2018-11-01'),(613,'2019-12-07'),(613,'2015-03-19'),(614,'2015-05-25'),(614,'2015-11-18'),(614,'2017-03-31'),(615,'2015-03-10'),(615,'2020-05-01'),(615,'2018-05-08'),(616,'2017-10-02'),(616,'2020-09-02'),(616,'2015-11-29'),(617,'2020-08-17'),(617,'2017-03-05'),(618,'2016-06-11'),(618,'2016-12-22'),(619,'2017-09-26'),(619,'2015-09-28'),(620,'2020-02-22'),(620,'2015-11-24'),(621,'2016-06-24'),(621,'2021-04-10'),(622,'2016-03-20'),(622,'2018-06-18'),(622,'2019-01-22'),(623,'2015-06-21'),(623,'2019-09-14'),(623,'2020-02-07'),(624,'2021-05-25'),(624,'2020-09-02'),(624,'2020-10-19'),(625,'2017-05-12'),(625,'2017-04-13'),(626,'2019-11-18'),(626,'2017-04-24'),(626,'2015-03-27'),(627,'2015-03-15'),(627,'2016-03-04'),(627,'2020-07-02'),(627,'2017-01-16'),(628,'2016-12-27'),(628,'2018-09-01'),(628,'2019-07-23'),(628,'2019-12-23'),(628,'2019-11-29'),(629,'2017-05-25'),(629,'2018-05-14'),(629,'2018-03-22'),(630,'2015-12-02'),(630,'2019-07-31'),(631,'2017-08-21'),(631,'2017-10-14'),(631,'2017-09-16'),(632,'2018-05-25'),(632,'2018-06-30'),(632,'2020-05-24'),(633,'2019-06-30'),(634,'2020-02-22'),(635,'2019-05-16'),(635,'2017-01-14'),(635,'2018-06-30'),(635,'2015-10-26'),(635,'2020-01-26'),(636,'2016-12-06'),(636,'2015-05-24'),(637,'2015-06-16'),(637,'2018-07-27'),(637,'2020-06-18'),(638,'2017-11-05'),(638,'2020-12-06'),(639,'2019-03-20'),(639,'2021-01-31'),(639,'2016-05-21'),(639,'2016-03-11'),(640,'2016-07-04'),(640,'2020-12-05'),(640,'2017-08-29'),(640,'2018-02-06'),(641,'2020-05-27'),(641,'2018-09-04'),(642,'2016-12-08'),(642,'2017-05-14'),(643,'2017-05-22'),(643,'2017-10-22'),(643,'2017-11-27'),(644,'2018-06-03'),(644,'2020-10-30'),(644,'2019-04-10'),(644,'2019-07-13'),(645,'2017-02-11'),(645,'2019-07-21'),(646,'2020-09-26'),(646,'2016-01-29'),(647,'2016-12-18'),(647,'2020-08-28'),(647,'2019-01-09'),(648,'2020-03-24'),(649,'2016-09-04'),(649,'2020-04-04'),(649,'2017-05-25'),(649,'2021-06-07'),(650,'2017-07-25'),(650,'2019-09-08'),(650,'2016-10-21'),(650,'2020-02-05'),(650,'2016-03-18'),(651,'2019-04-04'),(651,'2019-10-27'),(652,'2020-06-12'),(652,'2017-12-09'),(653,'2016-07-05'),(653,'2017-06-19'),(653,'2019-10-09'),(654,'2016-11-25'),(654,'2017-08-15'),(654,'2019-09-07'),(655,'2019-12-08'),(655,'2018-02-18'),(656,'2016-06-16'),(656,'2021-03-22'),(656,'2015-04-07'),(656,'2015-09-04'),(657,'2018-01-16'),(657,'2015-04-05'),(657,'2021-04-28'),(657,'2019-09-22'),(658,'2017-05-16'),(658,'2017-11-27'),(659,'2020-01-04'),(659,'2016-12-20'),(660,'2018-11-03'),(660,'2019-12-24'),(660,'2019-03-03'),(661,'2019-03-18'),(661,'2016-04-06'),(662,'2015-10-21'),(662,'2020-04-18'),(662,'2018-04-20'),(663,'2020-11-02'),(663,'2020-09-11'),(664,'2018-01-11'),(664,'2017-08-04'),(664,'2020-07-11'),(664,'2021-01-04'),(665,'2015-06-11'),(665,'2018-04-11'),(665,'2019-02-10'),(666,'2015-03-23'),(666,'2015-12-22'),(666,'2017-04-20'),(667,'2019-09-07'),(667,'2020-01-16'),(668,'2017-03-01'),(668,'2016-08-10'),(669,'2016-09-01'),(669,'2020-09-30'),(670,'2019-08-19'),(670,'2021-04-08'),(671,'2019-08-31'),(671,'2020-09-06'),(671,'2018-11-27'),(672,'2021-05-08'),(672,'2021-03-01'),(672,'2015-04-04'),(673,'2016-10-18'),(673,'2018-11-29'),(673,'2017-03-09'),(674,'2017-04-10'),(674,'2016-04-15'),(675,'2016-01-13'),(675,'2016-02-28'),(676,'2015-08-14'),(676,'2015-04-30'),(676,'2016-01-10'),(677,'2020-10-08'),(677,'2020-05-22'),(678,'2017-05-15'),(678,'2018-12-19'),(678,'2017-09-30'),(678,'2015-09-17'),(679,'2016-01-09'),(679,'2020-05-06'),(679,'2021-05-27'),(679,'2018-06-05'),(679,'2021-01-10'),(680,'2016-02-22'),(680,'2017-08-09'),(680,'2020-11-10'),(681,'2015-06-10'),(681,'2019-02-01'),(681,'2017-11-08'),(681,'2020-10-17'),(681,'2018-08-12'),(682,'2020-12-09'),(682,'2020-09-11'),(682,'2017-11-20'),(683,'2020-01-15'),(683,'2020-04-09'),(684,'2020-10-20'),(684,'2020-04-30'),(684,'2015-06-25'),(685,'2020-04-27'),(685,'2015-10-10'),(685,'2018-07-02'),(685,'2019-12-18'),(685,'2015-07-14'),(686,'2017-05-03'),(687,'2019-04-10'),(687,'2020-12-24'),(687,'2017-10-01'),(688,'2016-07-28'),(688,'2019-01-12'),(688,'2016-12-23'),(689,'2017-02-05'),(689,'2017-01-18'),(689,'2018-10-29'),(689,'2020-05-21'),(690,'2015-08-20'),(690,'2018-01-01'),(690,'2018-11-28'),(691,'2019-07-27'),(691,'2020-05-04'),(692,'2015-11-12'),(693,'2017-08-03'),(693,'2019-01-08'),(693,'2016-01-15'),(693,'2016-09-18'),(693,'2020-06-24'),(694,'2020-05-14'),(694,'2021-03-19'),(695,'2019-11-23'),(695,'2015-03-26'),(695,'2020-10-05'),(696,'2019-03-08'),(696,'2015-04-11'),(696,'2018-07-10'),(696,'2018-08-21'),(696,'2015-10-25'),(697,'2019-09-10'),(697,'2015-04-18'),(698,'2015-02-15'),(698,'2020-09-05'),(698,'2015-08-16'),(698,'2016-04-18'),(699,'2017-04-21'),(699,'2016-10-15'),(700,'2019-04-24'),(700,'2017-06-28'),(701,'2018-04-13'),(701,'2015-06-11'),(702,'2016-06-03'),(702,'2020-03-11'),(703,'2016-11-01'),(703,'2020-09-29'),(703,'2017-10-26'),(704,'2021-02-13'),(704,'2019-02-05'),(704,'2015-05-15'),(705,'2018-03-17'),(705,'2015-04-26'),(705,'2016-09-22'),(706,'2015-03-15'),(706,'2017-08-03'),(707,'2016-07-23'),(707,'2020-01-11'),(707,'2016-07-26'),(707,'2019-09-30'),(707,'2017-06-28'),(708,'2017-07-28'),(708,'2015-08-30'),(709,'2016-06-23'),(709,'2019-07-12'),(709,'2015-09-30'),(710,'2017-06-12'),(710,'2017-02-01'),(711,'2017-11-17'),(711,'2020-08-11'),(711,'2019-09-05'),(712,'2016-01-27'),(712,'2021-01-23'),(712,'2019-11-26'),(713,'2021-01-13'),(713,'2016-04-09'),(713,'2017-07-22'),(713,'2019-01-28'),(714,'2019-12-27'),(714,'2017-11-17'),(714,'2019-11-18'),(715,'2017-07-29'),(715,'2017-12-26'),(716,'2016-12-03'),(716,'2019-11-30'),(716,'2017-09-25'),(717,'2019-08-03'),(717,'2016-07-27'),(717,'2020-10-14'),(718,'2020-12-09'),(718,'2018-07-17'),(719,'2019-07-19'),(719,'2020-07-26'),(719,'2020-03-23'),(720,'2015-08-04'),(720,'2019-04-25'),(721,'2017-05-12'),(721,'2020-12-27'),(721,'2017-01-28'),(722,'2018-10-03'),(722,'2017-12-13'),(722,'2018-10-15'),(723,'2017-08-21'),(723,'2019-08-21'),(723,'2015-07-31'),(724,'2015-08-10'),(724,'2015-04-01'),(724,'2019-02-15'),(725,'2015-11-16'),(725,'2016-03-25'),(725,'2018-11-15'),(726,'2017-06-11'),(726,'2016-06-18'),(727,'2018-11-26'),(727,'2017-01-20'),(727,'2018-05-10'),(728,'2017-10-09'),(728,'2020-05-30'),(728,'2015-03-29'),(729,'2017-04-08'),(729,'2020-04-19'),(729,'2017-02-26'),(730,'2019-06-08'),(730,'2019-09-06'),(730,'2019-06-23'),(730,'2016-04-12'),(731,'2017-04-24'),(731,'2019-01-27'),(731,'2021-05-21'),(731,'2015-03-11'),(731,'2020-05-05'),(732,'2019-03-28'),(732,'2021-02-04'),(733,'2015-10-14'),(733,'2019-12-05'),(733,'2018-10-04'),(734,'2017-09-06'),(734,'2017-02-01'),(734,'2019-02-03'),(735,'2018-06-25'),(736,'2020-12-31'),(736,'2020-04-15'),(736,'2020-12-08'),(737,'2019-02-15'),(737,'2016-05-26'),(737,'2019-06-01'),(738,'2020-03-04'),(738,'2018-04-22'),(738,'2015-06-04'),(739,'2015-12-03'),(739,'2016-12-30'),(739,'2017-10-13'),(740,'2018-01-01'),(740,'2015-05-28'),(740,'2020-12-16'),(741,'2015-03-18'),(741,'2019-02-17'),(741,'2020-09-04'),(741,'2016-04-25'),(742,'2020-01-08'),(742,'2016-08-20'),(742,'2015-12-27'),(743,'2015-02-25'),(743,'2019-10-14'),(743,'2021-01-17'),(744,'2016-11-20'),(744,'2020-06-03'),(744,'2019-02-20'),(744,'2015-05-29'),(744,'2017-07-03'),(745,'2015-11-03'),(745,'2019-06-28'),(746,'2019-12-31'),(746,'2020-05-07'),(747,'2017-04-07'),(747,'2015-05-17'),(748,'2020-01-26'),(748,'2018-10-04'),(749,'2017-05-16'),(749,'2015-03-28'),(749,'2019-03-01'),(749,'2017-03-25'),(750,'2015-03-07'),(750,'2015-03-17'),(750,'2015-04-29'),(750,'2019-08-04'),(751,'2019-08-16'),(751,'2016-01-10'),(752,'2015-05-31'),(752,'2018-04-29'),(753,'2017-02-15'),(753,'2016-10-03'),(754,'2020-01-21'),(754,'2021-02-09'),(754,'2020-06-26'),(755,'2015-12-03'),(756,'2017-02-28'),(756,'2020-07-15'),(756,'2019-04-10'),(756,'2020-08-27'),(757,'2018-05-15'),(757,'2021-02-09'),(758,'2015-05-24'),(758,'2017-07-06'),(759,'2015-07-23'),(759,'2017-06-10'),(760,'2017-10-13'),(760,'2017-03-04'),(760,'2018-06-03'),(761,'2015-12-08'),(761,'2019-03-30'),(761,'2016-06-16'),(761,'2019-02-11'),(762,'2015-06-16'),(762,'2015-05-14'),(762,'2019-05-09'),(763,'2018-10-22'),(763,'2016-01-17'),(764,'2016-08-03'),(764,'2020-07-05'),(764,'2018-10-02'),(764,'2020-03-13'),(765,'2016-10-03'),(765,'2017-01-24'),(765,'2018-07-09'),(766,'2018-03-07'),(766,'2016-10-22'),(766,'2020-05-22'),(766,'2017-06-09'),(767,'2016-11-25'),(768,'2017-05-29'),(768,'2017-09-10'),(769,'2020-02-12'),(769,'2017-06-04'),(769,'2017-09-19'),(769,'2017-08-23'),(770,'2016-11-15'),(770,'2017-06-16'),(770,'2016-05-15'),(771,'2021-04-30'),(771,'2015-05-11'),(771,'2017-10-07'),(772,'2016-07-18'),(772,'2019-11-08'),(773,'2016-11-25'),(773,'2017-07-16'),(774,'2016-12-24'),(774,'2020-07-09'),(775,'2019-02-17'),(775,'2020-09-22'),(775,'2019-10-02'),(775,'2019-09-24'),(776,'2016-04-02'),(776,'2016-02-17'),(777,'2015-10-04'),(777,'2015-10-13'),(777,'2019-02-12'),(778,'2018-11-06'),(779,'2020-05-18'),(779,'2020-11-24'),(779,'2018-01-08'),(779,'2018-04-22'),(780,'2019-01-07'),(780,'2017-04-20'),(781,'2015-06-28'),(781,'2016-03-29'),(781,'2016-09-23'),(781,'2019-06-06'),(782,'2020-08-28'),(782,'2017-03-27'),(783,'2021-05-21'),(783,'2019-08-09'),(783,'2019-09-26'),(784,'2017-04-04'),(785,'2015-07-05'),(785,'2021-03-22'),(785,'2017-08-31'),(785,'2017-01-06'),(785,'2019-03-19'),(786,'2015-07-07'),(786,'2018-10-31'),(787,'2015-04-23'),(787,'2019-09-17'),(787,'2017-12-19'),(788,'2020-04-24'),(788,'2016-01-18'),(789,'2021-01-24'),(789,'2019-06-20'),(789,'2017-12-21'),(790,'2020-05-13'),(790,'2019-01-06'),(790,'2019-11-07'),(790,'2019-11-20'),(790,'2018-04-18'),(791,'2018-12-09'),(791,'2020-01-13'),(791,'2016-08-25'),(792,'2019-09-02'),(792,'2019-09-13'),(792,'2015-11-26'),(793,'2017-07-23'),(793,'2016-08-10'),(794,'2016-05-06'),(794,'2015-12-13'),(794,'2018-03-21'),(795,'2015-10-19'),(795,'2018-04-14'),(795,'2016-04-05'),(796,'2016-12-21'),(796,'2016-03-15'),(796,'2021-05-06'),(797,'2016-11-26'),(797,'2015-11-18'),(797,'2015-04-22'),(797,'2016-11-06'),(798,'2018-01-26'),(798,'2021-01-02'),(799,'2017-12-17'),(799,'2018-11-28'),(799,'2015-12-16'),(800,'2015-05-07'),(800,'2019-04-27'),(800,'2017-10-28'),(800,'2016-11-29'),(801,'2021-02-01'),(801,'2018-02-25'),(802,'2018-08-14'),(802,'2018-08-18'),(803,'2017-10-11'),(803,'2017-04-12'),(803,'2018-11-09'),(803,'2017-09-05'),(804,'2020-05-07'),(804,'2021-03-14'),(804,'2017-09-30'),(805,'2017-09-20'),(805,'2017-11-28'),(806,'2020-02-18'),(806,'2015-07-23'),(806,'2018-03-15'),(807,'2020-06-14'),(807,'2015-04-19'),(808,'2015-08-03'),(808,'2019-03-18'),(808,'2018-01-25'),(809,'2017-06-16'),(810,'2016-03-22'),(810,'2017-09-16'),(810,'2016-07-06'),(810,'2017-06-29'),(811,'2019-04-13'),(811,'2016-09-19'),(811,'2015-09-24'),(812,'2018-07-11'),(812,'2016-10-14'),(812,'2018-09-03'),(813,'2021-04-22'),(813,'2017-03-23'),(814,'2017-08-29'),(814,'2017-12-07'),(815,'2015-05-13'),(815,'2018-09-24'),(816,'2018-12-19'),(816,'2020-07-21'),(816,'2017-10-10'),(816,'2021-03-18'),(817,'2021-04-20'),(817,'2016-10-29'),(817,'2015-06-25'),(818,'2018-07-24'),(818,'2016-04-13'),(819,'2016-01-24'),(819,'2016-02-17'),(820,'2016-12-07'),(820,'2019-09-07'),(820,'2018-01-12'),(821,'2018-07-27'),(822,'2015-11-25'),(823,'2017-07-28'),(823,'2016-01-05'),(824,'2018-12-19'),(824,'2018-05-15'),(824,'2020-06-09'),(825,'2020-01-17'),(825,'2017-11-19'),(825,'2015-12-11'),(826,'2017-07-23'),(826,'2019-08-09'),(827,'2015-04-18'),(827,'2015-08-06'),(827,'2019-01-24'),(827,'2020-07-17'),(827,'2021-03-27'),(828,'2019-01-21'),(828,'2015-12-12'),(829,'2017-02-22'),(829,'2020-06-22'),(830,'2016-11-24'),(830,'2019-10-27'),(830,'2015-05-19'),(831,'2016-08-30'),(831,'2020-03-19'),(832,'2015-09-20'),(832,'2016-12-19'),(832,'2018-08-07'),(833,'2019-03-11'),(833,'2016-12-29'),(834,'2016-08-08'),(834,'2020-08-06'),(834,'2015-11-03'),(834,'2020-12-17'),(835,'2015-12-16'),(836,'2019-05-08'),(836,'2017-11-20'),(836,'2015-10-14'),(837,'2019-11-08'),(837,'2015-08-03'),(838,'2016-07-03'),(838,'2019-07-04'),(838,'2018-05-14'),(839,'2018-06-01'),(839,'2017-05-16'),(840,'2019-02-12'),(840,'2021-01-05'),(840,'2015-03-09'),(841,'2018-10-30'),(841,'2021-06-01'),(841,'2019-11-04'),(842,'2020-12-18'),(842,'2021-02-08'),(843,'2019-03-30'),(843,'2020-04-13'),(843,'2020-10-07'),(844,'2017-05-25'),(844,'2018-01-18'),(845,'2017-12-27'),(845,'2016-05-06'),(845,'2019-03-29'),(846,'2019-11-19'),(847,'2019-06-01'),(847,'2019-09-14'),(847,'2020-11-09'),(848,'2016-05-23'),(849,'2017-08-06'),(849,'2016-05-27'),(849,'2018-10-02'),(849,'2015-06-18'),(850,'2020-07-10'),(850,'2019-05-27'),(850,'2015-10-03'),(850,'2016-02-05'),(851,'2017-04-08'),(851,'2016-10-22'),(851,'2019-03-03'),(852,'2018-09-05'),(852,'2018-01-24'),(852,'2018-02-07'),(853,'2019-05-03'),(853,'2019-04-20'),(854,'2018-07-16'),(854,'2015-04-21'),(855,'2016-06-21'),(855,'2017-06-17'),(856,'2016-11-19'),(856,'2017-08-08'),(856,'2016-08-04'),(856,'2020-03-17'),(857,'2015-04-18'),(857,'2016-05-10'),(857,'2016-08-26'),(857,'2019-05-30'),(857,'2016-06-17'),(858,'2018-01-24'),(858,'2017-10-08'),(858,'2015-11-27'),(859,'2016-11-23'),(859,'2018-07-02'),(859,'2019-03-18'),(860,'2019-01-13'),(861,'2020-05-15'),(861,'2018-04-07'),(861,'2019-06-19'),(861,'2016-02-27'),(862,'2017-10-10'),(862,'2017-08-28'),(863,'2016-12-29'),(863,'2015-03-10'),(863,'2016-09-09'),(864,'2016-03-10'),(864,'2017-05-11'),(865,'2016-02-27'),(865,'2018-02-09'),(865,'2018-11-08'),(866,'2016-11-24'),(866,'2017-01-10'),(866,'2020-07-23'),(867,'2019-05-15'),(867,'2021-03-08'),(867,'2019-05-22'),(868,'2017-03-16'),(868,'2017-03-12'),(869,'2017-04-18'),(869,'2018-01-27'),(870,'2016-05-15'),(870,'2016-06-13'),(871,'2017-09-23'),(871,'2017-11-25'),(872,'2018-12-09'),(872,'2018-11-12'),(872,'2019-12-11'),(872,'2020-09-16'),(872,'2015-05-07'),(873,'2019-03-18'),(873,'2021-01-24'),(873,'2018-09-15'),(874,'2018-04-05'),(874,'2018-06-01'),(875,'2017-04-08'),(875,'2015-09-22'),(875,'2016-08-12'),(876,'2015-09-18'),(876,'2020-04-07'),(877,'2019-05-30'),(877,'2016-06-21'),(877,'2017-03-17'),(878,'2015-07-29'),(878,'2018-05-13'),(878,'2015-11-28'),(879,'2015-07-24'),(879,'2015-12-07'),(880,'2015-08-31'),(880,'2016-09-29'),(880,'2017-06-09'),(880,'2020-10-21'),(881,'2019-07-22'),(881,'2019-11-15'),(882,'2018-01-29'),(882,'2018-12-20'),(883,'2015-08-01'),(883,'2017-10-23'),(883,'2019-12-21'),(884,'2015-08-16'),(884,'2017-10-24'),(884,'2015-08-06'),(885,'2020-02-06'),(885,'2020-01-21'),(885,'2015-03-10'),(886,'2020-05-18'),(887,'2020-07-26'),(887,'2017-11-07'),(887,'2017-09-15'),(887,'2015-09-26'),(888,'2015-03-08'),(888,'2015-12-05'),(888,'2016-09-17'),(889,'2016-03-08'),(889,'2016-12-16'),(889,'2015-11-15'),(889,'2015-11-24'),(889,'2020-04-21'),(890,'2019-03-05'),(890,'2019-04-18'),(891,'2021-02-06'),(891,'2020-10-19'),(892,'2017-11-20'),(892,'2018-07-30'),(892,'2017-08-26'),(892,'2015-09-17'),(893,'2018-02-11'),(893,'2017-03-09'),(894,'2018-01-23'),(894,'2019-08-11'),(895,'2021-03-24'),(895,'2019-04-27'),(895,'2018-08-23'),(896,'2016-06-30'),(896,'2016-10-24'),(896,'2019-09-15'),(897,'2016-06-17'),(897,'2018-07-29'),(897,'2019-05-23'),(898,'2016-10-27'),(898,'2019-11-30'),(899,'2017-05-14'),(899,'2015-05-19'),(900,'2018-09-05'),(900,'2020-01-08'),(900,'2016-08-04'),(900,'2016-08-22'),(901,'2016-02-01'),(901,'2019-11-09'),(901,'2020-03-02'),(902,'2020-12-06'),(902,'2020-05-03'),(902,'2018-06-19'),(902,'2015-11-12'),(903,'2015-09-27'),(904,'2016-11-03'),(904,'2018-02-19'),(904,'2020-08-15'),(904,'2017-09-26'),(905,'2015-07-05'),(905,'2015-05-31'),(905,'2015-02-13'),(906,'2020-06-30'),(906,'2020-04-30'),(907,'2020-12-26'),(907,'2015-04-23'),(907,'2017-04-19'),(908,'2016-09-06'),(908,'2017-09-12'),(908,'2018-03-25'),(908,'2019-06-15'),(909,'2019-05-29'),(909,'2020-04-01'),(909,'2019-04-17'),(909,'2017-10-02'),(910,'2016-06-01'),(910,'2016-05-11'),(911,'2019-01-01'),(911,'2019-04-11'),(911,'2018-07-27'),(912,'2019-05-13'),(912,'2018-08-18'),(912,'2019-01-09'),(913,'2017-06-09'),(913,'2015-07-01'),(914,'2018-04-30'),(914,'2018-07-06'),(914,'2019-01-03'),(914,'2019-05-01'),(914,'2020-03-02'),(915,'2015-03-24'),(915,'2018-12-13'),(915,'2021-05-27'),(915,'2016-07-18'),(915,'2021-03-31'),(916,'2019-03-20'),(916,'2015-11-18'),(917,'2018-10-07'),(917,'2021-02-17'),(918,'2020-01-11'),(918,'2018-03-02'),(918,'2018-10-07'),(918,'2017-06-04'),(919,'2017-07-31'),(919,'2018-12-27'),(919,'2019-07-30'),(920,'2020-10-05'),(920,'2018-06-11'),(920,'2019-07-21'),(921,'2019-02-24'),(921,'2016-11-12'),(922,'2016-05-09'),(922,'2018-05-11'),(923,'2020-07-23'),(923,'2016-06-27'),(923,'2021-05-13'),(924,'2018-05-22'),(924,'2020-10-17'),(924,'2019-06-30'),(924,'2015-12-11'),(925,'2019-03-20'),(925,'2016-07-02'),(925,'2018-03-10'),(925,'2019-06-27'),(926,'2019-12-31'),(926,'2015-03-30'),(927,'2016-03-14'),(927,'2018-06-28'),(927,'2019-04-12'),(928,'2018-06-20'),(928,'2020-07-03'),(929,'2015-10-31'),(929,'2020-06-05'),(929,'2017-06-13'),(929,'2021-03-23'),(930,'2020-07-08'),(930,'2016-03-06'),(931,'2020-05-22'),(931,'2018-06-10'),(931,'2016-12-04'),(931,'2019-07-13'),(932,'2017-12-02'),(932,'2015-06-24'),(932,'2019-04-19'),(932,'2015-09-14'),(933,'2020-07-08'),(933,'2016-04-05'),(934,'2016-05-22'),(934,'2020-09-05'),(934,'2015-05-16'),(935,'2021-04-30'),(935,'2019-11-03'),(936,'2017-04-07'),(936,'2015-07-09'),(937,'2020-05-16'),(937,'2016-12-11'),(937,'2015-03-20'),(938,'2015-03-05'),(938,'2015-03-12'),(938,'2018-10-02'),(939,'2016-04-23'),(939,'2018-12-06'),(940,'2016-03-03'),(940,'2019-11-29'),(940,'2017-10-13'),(941,'2019-04-15'),(942,'2016-10-20'),(942,'2019-01-12'),(943,'2020-08-21'),(943,'2017-03-12'),(944,'2015-09-29'),(944,'2020-01-08'),(944,'2016-09-04'),(945,'2019-04-19'),(945,'2019-10-01'),(945,'2015-03-06'),(946,'2015-12-25'),(946,'2019-11-01'),(947,'2017-05-16'),(947,'2020-10-06'),(948,'2018-08-23'),(948,'2019-05-09'),(948,'2020-09-08'),(948,'2017-02-24'),(948,'2016-01-08'),(949,'2017-02-20'),(949,'2019-07-08'),(950,'2016-05-13'),(950,'2015-06-02'),(950,'2019-09-05'),(951,'2019-08-24'),(951,'2015-10-26'),(951,'2018-12-28'),(951,'2017-05-19'),(951,'2018-12-30'),(952,'2015-04-11'),(952,'2019-05-08'),(953,'2018-07-31'),(954,'2017-01-11'),(954,'2017-04-01'),(954,'2020-07-21'),(955,'2015-05-03'),(955,'2017-01-17'),(956,'2018-08-15'),(956,'2021-03-24'),(957,'2020-02-20'),(957,'2020-03-16'),(958,'2019-10-05'),(958,'2020-03-28'),(958,'2015-08-27'),(959,'2021-04-26'),(960,'2020-04-26'),(960,'2018-12-18'),(960,'2017-02-28'),(961,'2017-12-12'),(961,'2015-12-09'),(962,'2019-02-23'),(962,'2020-11-07'),(962,'2015-03-18'),(963,'2018-12-27'),(963,'2016-03-26'),(963,'2016-05-22'),(964,'2018-04-16'),(965,'2015-04-25'),(965,'2015-09-20'),(965,'2019-04-12'),(965,'2017-10-15'),(966,'2018-01-03'),(966,'2016-11-30'),(967,'2020-04-06'),(967,'2016-03-19'),(968,'2017-11-11'),(968,'2019-11-10'),(968,'2018-03-02'),(968,'2019-04-15'),(968,'2015-02-18'),(969,'2019-01-16'),(969,'2019-09-08'),(970,'2020-05-05'),(970,'2015-12-31'),(970,'2017-01-04'),(971,'2015-11-22'),(971,'2018-01-08'),(972,'2017-06-13'),(972,'2015-10-07'),(973,'2020-01-24'),(973,'2017-09-18'),(974,'2019-01-25'),(974,'2019-12-01'),(975,'2021-03-04'),(975,'2015-03-14'),(975,'2016-05-21'),(976,'2017-12-09'),(976,'2016-05-24'),(977,'2019-04-09'),(977,'2019-04-26'),(977,'2017-05-08'),(978,'2020-10-10'),(978,'2021-05-15'),(979,'2019-10-12'),(979,'2021-05-10'),(980,'2017-02-23'),(980,'2018-08-18'),(980,'2016-05-22'),(980,'2019-08-29'),(981,'2019-08-21'),(981,'2021-05-06'),(981,'2018-02-13'),(982,'2019-04-25'),(982,'2018-07-22'),(982,'2019-03-30'),(983,'2017-10-06'),(983,'2019-07-13'),(983,'2020-02-13'),(983,'2020-06-01'),(984,'2015-05-30'),(984,'2016-02-19'),(984,'2016-07-31'),(984,'2019-08-16'),(985,'2017-08-12'),(985,'2015-03-31'),(985,'2019-12-27'),(985,'2018-09-19'),(985,'2017-07-15'),(986,'2018-07-22'),(986,'2020-08-24'),(987,'2016-03-22'),(987,'2015-09-07'),(987,'2015-08-28'),(988,'2017-01-16'),(988,'2016-02-02'),(988,'2021-01-31'),(989,'2018-02-27'),(989,'2015-12-18'),(989,'2019-12-16'),(989,'2018-07-13'),(990,'2020-06-30'),(990,'2015-12-18'),(990,'2018-09-02'),(991,'2018-08-16'),(991,'2017-06-27'),(991,'2019-02-22'),(992,'2020-05-05'),(992,'2021-04-24'),(992,'2015-12-10'),(993,'2018-12-05'),(993,'2019-11-12'),(993,'2017-08-31'),(994,'2017-01-19'),(994,'2016-07-11'),(995,'2017-07-29'),(995,'2019-01-04'),(995,'2016-06-13'),(995,'2018-06-16'),(995,'2018-12-13'),(996,'2017-02-18'),(996,'2018-02-26'),(997,'2016-04-07'),(998,'2018-12-12'),(998,'2015-05-12'),(998,'2019-05-24'),(999,'2016-03-12'),(999,'2016-02-01'),(999,'2017-12-29'),(1000,'2016-07-26'),(1000,'2019-07-07'),(1001,'2019-12-07'),(1001,'2020-11-24'),(1002,'2019-04-22'),(1002,'2019-10-28'),(1002,'2019-10-31'),(1002,'2021-03-03'),(1003,'2016-11-29'),(1003,'2017-03-27'),(1004,'2018-12-26'),(1004,'2019-04-02'),(1004,'2019-12-17'),(1004,'2020-11-06'),(1005,'2018-01-26'),(1005,'2016-02-16'),(1005,'2015-10-01'),(1005,'2017-10-23'),(1005,'2017-04-15'),(1006,'2016-12-11'),(1006,'2020-08-07'),(1007,'2019-10-09'),(1007,'2021-02-16'),(1008,'2015-04-29'),(1008,'2017-12-19'),(1008,'2021-02-11'),(1009,'2019-04-19'),(1009,'2021-01-16'),(1009,'2019-04-27'),(1009,'2018-12-30'),(1010,'2018-02-27'),(1010,'2020-03-22'),(1011,'2018-09-18'),(1011,'2017-04-20'),(1011,'2017-04-10'),(1012,'2019-11-23'),(1012,'2019-12-07'),(1012,'2020-09-13'),(1012,'2015-07-22'),(1013,'2018-09-16'),(1013,'2019-10-09'),(1014,'2020-10-10'),(1014,'2020-09-07'),(1014,'2017-11-17'),(1014,'2020-11-12'),(1014,'2017-01-27'),(1015,'2016-10-27'),(1015,'2016-11-02'),(1015,'2017-09-01'),(1016,'2020-10-16'),(1016,'2019-12-17'),(1016,'2021-01-11'),(1017,'2015-10-04'),(1017,'2018-05-17'),(1017,'2017-03-07'),(1018,'2018-03-15'),(1018,'2016-11-06'),(1018,'2021-01-20'),(1019,'2015-03-01'),(1019,'2019-03-06'),(1019,'2016-10-30'),(1020,'2017-03-11'),(1020,'2018-08-20'),(1020,'2016-03-17'),(1020,'2020-05-19'),(1020,'2017-03-31'),(1021,'2017-05-29'),(1021,'2019-02-19'),(1021,'2019-11-24'),(1022,'2017-02-28'),(1022,'2016-11-01'),(1023,'2017-04-19'),(1023,'2019-03-19'),(1024,'2019-11-26'),(1024,'2019-01-31'),(1025,'2017-10-27'),(1025,'2018-03-01'),(1025,'2018-11-20'),(1026,'2015-05-02'),(1026,'2018-06-20'),(1027,'2020-05-21'),(1027,'2017-09-24'),(1028,'2018-06-06'),(1028,'2018-04-14'),(1028,'2020-06-25'),(1028,'2019-10-05'),(1029,'2015-11-08'),(1030,'2016-01-03'),(1030,'2017-01-07'),(1030,'2016-01-21'),(1030,'2019-04-04'),(1031,'2016-02-14'),(1031,'2017-08-11'),(1032,'2015-08-09'),(1032,'2018-11-14'),(1033,'2016-09-10'),(1034,'2016-12-03'),(1034,'2015-05-21'),(1035,'2016-04-11'),(1035,'2017-12-03'),(1036,'2019-04-06'),(1036,'2017-09-10'),(1036,'2019-07-22'),(1036,'2021-04-07'),(1037,'2016-07-14'),(1037,'2018-03-20'),(1038,'2017-09-19'),(1038,'2018-05-28'),(1039,'2015-08-28'),(1039,'2019-12-19'),(1039,'2021-03-05'),(1039,'2018-03-14'),(1040,'2021-04-06'),(1040,'2015-02-28'),(1041,'2018-06-12'),(1041,'2021-05-31'),(1042,'2017-06-14'),(1043,'2019-06-14'),(1043,'2020-05-26'),(1043,'2016-06-15'),(1044,'2018-02-09'),(1044,'2019-09-04'),(1045,'2019-04-27'),(1045,'2018-01-12'),(1046,'2016-09-16'),(1046,'2017-06-20'),(1046,'2019-06-18'),(1046,'2017-02-05'),(1046,'2019-03-27'),(1047,'2020-08-15'),(1047,'2017-11-11'),(1048,'2019-05-21'),(1048,'2021-01-15'),(1048,'2020-11-30'),(1049,'2019-05-03'),(1049,'2020-05-27'),(1050,'2016-02-23'),(1050,'2016-01-19'),(1051,'2019-06-06'),(1051,'2018-06-17'),(1052,'2019-03-04'),(1052,'2017-09-11'),(1053,'2017-12-05'),(1053,'2015-03-16'),(1053,'2019-06-07'),(1054,'2018-04-11'),(1054,'2019-01-23'),(1054,'2019-08-01'),(1055,'2018-01-31'),(1055,'2017-04-02'),(1055,'2020-05-29'),(1056,'2020-10-06'),(1057,'2016-07-27'),(1058,'2015-12-11'),(1058,'2018-08-31'),(1058,'2020-10-05'),(1058,'2020-12-12'),(1059,'2018-10-01'),(1059,'2020-09-15'),(1060,'2016-07-29'),(1060,'2020-10-10'),(1060,'2019-03-02'),(1060,'2015-04-18'),(1060,'2015-03-22'),(1061,'2016-09-15'),(1061,'2018-08-31'),(1061,'2018-09-03'),(1062,'2016-05-20'),(1062,'2016-07-16'),(1063,'2017-05-31'),(1063,'2020-01-05'),(1063,'2019-05-20'),(1063,'2017-02-22'),(1064,'2020-12-24'),(1064,'2018-12-19'),(1065,'2019-03-27'),(1065,'2016-06-17'),(1065,'2018-10-28'),(1065,'2015-06-18'),(1066,'2016-05-13'),(1066,'2018-07-28'),(1066,'2017-05-20'),(1067,'2016-12-12'),(1067,'2016-09-24'),(1067,'2017-11-18'),(1068,'2016-04-11'),(1069,'2020-09-28'),(1069,'2020-09-15'),(1069,'2019-01-07'),(1070,'2020-03-12'),(1070,'2017-09-24'),(1071,'2017-02-18'),(1071,'2021-05-26'),(1071,'2021-01-07'),(1072,'2017-11-06'),(1072,'2020-07-17'),(1072,'2019-12-12'),(1072,'2019-10-26'),(1073,'2017-03-31'),(1073,'2021-03-13'),(1074,'2021-06-14'),(1074,'2016-04-10'),(1074,'2020-07-16'),(1074,'2020-05-17'),(1074,'2016-03-20'),(1075,'2016-10-16'),(1075,'2017-10-09'),(1075,'2020-06-14'),(1076,'2020-09-24'),(1076,'2020-10-29'),(1077,'2016-07-24'),(1077,'2015-07-15'),(1078,'2017-05-27'),(1078,'2016-10-12'),(1079,'2017-02-18'),(1079,'2018-09-27'),(1080,'2015-04-25'),(1080,'2016-04-27'),(1080,'2019-04-23'),(1081,'2018-11-29'),(1081,'2018-06-28'),(1081,'2016-07-29'),(1082,'2015-11-09'),(1082,'2018-08-31'),(1082,'2020-02-06'),(1083,'2016-08-08'),(1083,'2021-01-03'),(1084,'2020-10-17'),(1084,'2018-11-23'),(1084,'2017-01-18'),(1085,'2021-03-21'),(1085,'2018-07-23'),(1086,'2020-09-13'),(1086,'2020-12-30'),(1086,'2016-10-30'),(1086,'2020-09-13'),(1087,'2015-08-13'),(1087,'2016-03-03'),(1087,'2015-03-31'),(1088,'2021-02-18'),(1088,'2019-07-17'),(1088,'2021-02-08'),(1088,'2017-07-13'),(1089,'2019-08-26'),(1090,'2018-08-16'),(1090,'2018-01-16'),(1090,'2015-05-01'),(1090,'2016-10-09'),(1091,'2016-12-29'),(1091,'2021-04-03'),(1091,'2017-02-16'),(1092,'2021-04-29'),(1092,'2016-04-10'),(1092,'2017-11-11'),(1092,'2019-06-25'),(1093,'2020-11-03'),(1093,'2016-08-05'),(1094,'2019-10-03'),(1094,'2015-09-12'),(1094,'2020-08-03'),(1094,'2020-04-07'),(1095,'2018-02-06'),(1095,'2019-06-24'),(1096,'2017-03-31'),(1096,'2020-01-18'),(1097,'2016-02-08'),(1097,'2019-01-08'),(1097,'2015-12-01'),(1098,'2021-02-03'),(1098,'2017-11-07'),(1098,'2015-10-02'),(1099,'2016-03-02'),(1099,'2017-03-17'),(1100,'2016-10-22'),(1100,'2015-09-10'),(1101,'2017-12-21'),(1101,'2017-11-20'),(1102,'2019-11-28'),(1102,'2017-01-26'),(1103,'2015-10-11'),(1103,'2018-03-27'),(1104,'2017-09-12'),(1104,'2019-04-21'),(1104,'2020-04-17'),(1105,'2016-09-26'),(1105,'2018-04-15'),(1106,'2015-03-25'),(1106,'2019-01-10'),(1106,'2020-07-04'),(1107,'2017-03-07'),(1107,'2019-03-19'),(1107,'2015-05-09'),(1108,'2016-04-13'),(1108,'2020-03-05'),(1109,'2017-06-07'),(1109,'2015-12-12'),(1109,'2016-12-15'),(1109,'2019-09-08'),(1109,'2019-03-20'),(1110,'2020-04-13'),(1110,'2019-08-15'),(1110,'2019-11-02'),(1111,'2018-07-06'),(1111,'2019-06-20'),(1111,'2015-05-25'),(1112,'2020-08-15'),(1112,'2018-01-30'),(1113,'2015-11-22'),(1114,'2021-06-02'),(1114,'2016-11-17'),(1114,'2021-06-13'),(1115,'2019-08-16'),(1115,'2019-01-02'),(1116,'2020-09-03'),(1117,'2019-07-14'),(1117,'2019-09-15'),(1118,'2020-06-02'),(1118,'2019-02-14'),(1119,'2017-10-12'),(1119,'2018-11-03'),(1119,'2019-01-15'),(1120,'2018-05-27'),(1120,'2018-01-12'),(1120,'2019-09-12'),(1120,'2019-03-25'),(1120,'2018-09-20'),(1121,'2016-04-04'),(1121,'2020-02-07'),(1122,'2017-06-25'),(1122,'2018-03-06'),(1122,'2017-11-26'),(1123,'2019-08-01'),(1123,'2018-10-26'),(1123,'2020-03-21'),(1124,'2019-12-08'),(1124,'2019-08-10'),(1124,'2016-02-29'),(1125,'2016-12-13'),(1125,'2020-06-14'),(1125,'2018-05-08'),(1126,'2018-03-12'),(1126,'2018-12-28'),(1126,'2020-05-04'),(1127,'2016-08-21'),(1127,'2019-12-06'),(1128,'2018-01-16'),(1128,'2019-03-17'),(1128,'2019-07-15'),(1128,'2020-10-05'),(1129,'2015-09-08'),(1129,'2020-09-05'),(1129,'2015-10-22'),(1129,'2015-03-27'),(1130,'2020-04-28'),(1130,'2020-02-13'),(1131,'2020-07-03'),(1131,'2015-02-22'),(1131,'2015-05-01'),(1131,'2016-01-07'),(1132,'2021-04-19'),(1132,'2020-11-05'),(1132,'2019-06-25'),(1132,'2018-02-14'),(1133,'2017-01-03'),(1133,'2019-07-31'),(1133,'2020-02-15'),(1134,'2019-04-28'),(1135,'2019-12-30'),(1135,'2015-11-01'),(1135,'2018-06-13'),(1136,'2017-10-19'),(1136,'2019-12-08'),(1136,'2016-10-25'),(1137,'2020-06-30'),(1137,'2017-08-27'),(1137,'2018-02-05'),(1137,'2017-10-10'),(1137,'2018-08-05'),(1138,'2019-06-24'),(1138,'2019-11-07'),(1138,'2019-01-22'),(1139,'2018-09-20'),(1139,'2019-08-13'),(1139,'2018-04-21'),(1140,'2019-03-15'),(1140,'2016-05-05'),(1140,'2015-05-01'),(1141,'2015-02-26'),(1141,'2019-10-14'),(1141,'2021-05-29'),(1142,'2016-11-26'),(1142,'2018-07-14'),(1143,'2016-01-08'),(1143,'2020-07-22'),(1143,'2018-02-13'),(1144,'2019-08-26'),(1144,'2017-06-19'),(1144,'2015-05-01'),(1145,'2017-11-22'),(1145,'2019-10-31'),(1145,'2015-12-21'),(1145,'2015-03-07'),(1146,'2015-11-15'),(1146,'2019-05-23'),(1146,'2016-03-30'),(1146,'2020-10-28'),(1147,'2015-11-26'),(1147,'2020-01-05'),(1147,'2016-05-19'),(1148,'2017-01-04'),(1148,'2017-01-08'),(1148,'2016-03-02'),(1149,'2021-02-10'),(1149,'2018-10-25'),(1149,'2018-05-08'),(1149,'2018-08-18'),(1149,'2020-08-31'),(1150,'2016-10-05'),(1150,'2015-06-30'),(1151,'2018-12-25'),(1151,'2018-05-22'),(1151,'2019-03-22'),(1151,'2019-03-17'),(1152,'2018-08-01'),(1152,'2018-06-08');
-- EL SIG INSERT SE MODIFICO
INSERT INTO muertes (id, id_titan, causa, fecha, id_ejecutor) VALUES 
(3,20,'Incendio','2017-12-04',1),(9,22,'Accidente','2018-10-18',3),(66,36,'Batallón 1','2020-03-16',5),(11,47,'Batallón 6','2018-06-26',5),(10,68,'Batallón 2','2018-06-08',2),(2,125,'Batallón 5','2018-09-02',3),
(49,134,'Accidente','2019-12-30',3),(38,169,'Batallón 1','2021-01-31',15),(47,178,'Batallón 2','2020-03-12',2),(31,187,'Accidente','2019-04-22',5),(34,205,'Batallón 4','2018-10-21',2),(13,257,'Batallón 2','2020-10-05',1),
(25,273,'Desconocida','2015-07-29',4),(19,323,'Batallón 5','2020-09-10',13),(22,324,'Batallón 4','2018-11-16',3),(29,359,'Desconocida','2019-10-06',1),(18,371,'Batallón 1','2018-01-13',1),(42,374,'Batallón 6','2021-02-12',4),
(20,390,'Desconocida','2016-10-08',5),(35,452,'Batallón 1','2021-03-05',12),(46,455,'Desconocida','2019-08-22',2),(1,464,'Batallón 1','2016-12-29',1),(15,488,'Batallón 1','2018-02-25',7),(50,498,'Batallón 4','2019-10-22',7),
(23,502,'Batallón 1','2020-05-13',8),(55,504,'Batallón 4','2019-10-11',11),(28,509,'Batallón 5','2020-12-12',2),(7,514,'Batallón 4','2020-09-12',5),(32,523,'Accidente','2020-03-11',3),(26,544,'Batallón 5','2020-06-29',4),
(63,607,'Desconocida','2021-03-01',9),(58,622,'Accidente','2019-01-22',10),(52,623,'Batallón 5','2020-02-07',10),(59,683,'Batallón 2','2020-04-09',1),(65,750,'Batallón 4','2019-08-04',2),(51,755,'Batallón 3','2015-12-03',2),
(57,765,'Batallón 1','2017-01-24',5),(56,774,'Batallón 2','2020-07-09',3),(64,781,'Desconocida','2019-06-06',11),(36,815,'Batallón 6','2018-09-24',2),(16,821,'Incendio','2018-07-27',6),(4,827,'Batallón 1','2021-03-27',4),
(27,843,'Batallón 1','2020-10-07',5),(60,847,'Accidente','2020-11-09',2),(54,880,'Batallón 2','2020-10-21',12),(39,888,'Desconocida','2016-09-17',1),(41,898,'Incendio','2019-11-30',9),(21,908,'Batallón 6','2019-06-15',3),
(61,927,'Batallón 5','2018-06-28',3),(17,954,'Batallón 4','2020-07-21',2),(40,974,'Accidente','2019-12-01',2),(62,978,'Batallón 2','2021-05-15',3),(33,983,'Batallón 1','2020-06-01',6),(44,986,'Batallón 4','2020-08-24',1),
(5,1002,'Incendio','2021-03-03',1),(53,1004,'Batallón 1','2020-11-06',9),(43,1008,'Batallón 2','2021-02-11',7),(37,1010,'Accidente','2020-03-22',1),(30,1021,'Desconocida','2019-11-24',8),(24,1023,'Batallón 1','2019-03-19',6),
(48,1025,'Batallón 5','2018-11-20',1),(6,1049,'Batallón 2','2019-05-03',8),(45,1058,'Batallón 3','2020-12-12',3),(12,1082,'Batallón 4','2020-02-06',2),(8,1119,'Batallón 4','2019-01-15',6),(14,1126,'Batallón 5','2020-05-04',2);
INSERT INTO movimientos_recursos (id_recurso, id_muerte, id_movimiento, cantidad) VALUES (2,3,2, 2000),(4,3,2, 36),(4,9,2, 24),(5,9,2, 1),(2,9,2, 3500),(2,66,2, 3500),(3,66,2, 4),(4,66,2, 24),(2,11,2, 1500),(4,11,2, 12),(1,11,2, 7),(5,10,2, 1),(2,10,2, 2000),(3,10,2, 10),(3,2,2, 2),(2,49,2, 3500),(3,49,2, 6),(4,49,2, 48),(3,38,2, 10),(2,38,2, 2000),(5,47,2, 1),(1,47,2, 10),(2,47,2, 6000),(3,31,2, 6),(2,31,2, 2000),(4,34,2, 48),(1,34,2, 7),(3,34,2, 6),(3,13,2, 6),(4,13,2, 12),(5,13,2, 1),(4,25,2, 36),(2,25,2, 2000),(5,25,2, 1),(2,19,2, 3500),(3,19,2, 10),(5,22,2, 1),(3,22,2, 2),(4,22,2, 24),(2,22,2, 3500),(2,29,2, 2000),(4,29,2, 48),(3,29,2, 10),(4,18,2, 12),(3,18,2, 6),(2,42,2, 1500),(4,42,2, 48),(5,42,2, 1),(3,20,2, 10),(2,20,2, 3500),(1,35,2, 12),(4,35,2, 48),(3,35,2, 2),(1,46,2, 12),(2,46,2, 2000),(4,46,2, 24),(5,1,2, 1),(2,1,2, 2000),(4,1,2, 24),(4,15,2, 24),(2,15,2, 3500),(3,15,2, 4),(3,50,2, 2),(1,50,2, 7),(4,50,2, 24),(3,23,2, 6),(4,23,2, 48),(1,55,2, 10),(2,55,2, 2000),(2,28,2, 2000),(4,28,2, 48),(1,28,2, 5),(4,7,2, 48),(2,7,2, 1500),(5,7,2, 1),(1,32,2, 7),(2,32,2, 2000),(3,32,2, 10),(4,32,2, 24),(4,26,2, 12),(3,26,2, 6),(2,26,2, 2000),(5,26,2, 1),(4,63,2, 48),(3,63,2, 6),(2,58,2, 2000),(4,58,2, 12),(3,58,2, 2),(1,52,2, 7),(2,52,2, 2000),(5,52,2, 2),(3,59,2, 10),(5,59,2, 1),(4,59,2, 48),(1,65,2, 7),(2,65,2, 2000),(3,51,2, 2),(3,57,2, 6),(5,57,2, 1),(2,57,2, 3500),(4,57,2, 36),(5,56,2, 1),(3,56,2, 4),(2,56,2, 3500),(4,64,2, 12),(2,64,2, 6000),(5,36,2, 1),(3,16,2, 10),(4,16,2, 12),(1,16,2, 7),(3,4,2, 2),(5,4,2, 1),(5,27,2, 2),(2,27,2, 2000),(3,27,2, 10),(4,60,2, 24),(2,60,2, 2000),(1,60,2, 7),(1,54,2, 12),(4,54,2, 36),(2,54,2, 2000),(2,39,2, 2000),(4,39,2, 36),(3,41,2, 6),(2,41,2, 1500),(1,41,2, 7),(2,21,2, 2000),(3,21,2, 6),(5,21,2, 1),(4,21,2, 12),(2,61,2, 3500),(3,61,2, 10),(4,61,2, 12),(5,17,2, 1),(3,17,2, 6),(1,40,2, 12),(3,40,2, 4),(4,62,2, 36),(3,62,2, 4),(1,62,2, 7),(4,33,2, 60),(1,33,2, 12),(2,33,2, 2000),(2,44,2, 6000),(5,44,2, 1),(4,44,2, 6),(2,5,2, 2000),(4,5,2, 12),(4,53,2, 36),(2,53,2, 2000),(1,53,2, 10),(4,43,2, 36),(1,43,2, 7),(2,43,2, 2000),(2,37,2, 3500),(1,37,2, 10),(3,30,2, 2),(2,30,2, 3500),(4,30,2, 12),(2,24,2, 3500),(3,24,2, 2),(4,24,2, 6),(1,48,2, 5),(4,48,2, 36),(3,48,2, 6),(2,48,2, 3500),(4,6,2, 12),(2,6,2, 2000),(1,6,2, 10),(1,45,2, 7),(4,12,2, 60),(3,12,2, 2),(2,12,2, 2000),(1,8,2, 10),(3,8,2, 6),(4,8,2, 24),(4,14,2, 24),(5,14,2, 1),(1,14,2, 5);
$$
/*CONSULTAS*/
-- select m.id_ejecutor ,count(m.id_ejecutor) as suma from muertes as m where year(m.fecha) = 2020 group by m.id_ejecutor order by suma desc limit 1;
$$
-- soldado que mas titanes mato
select s.nombre, count(m.id_ejecutor) as suma from soldados as s 
inner join muertes as m
on s.id = m.id_ejecutor
where year(m.fecha) = 2020 
group by m.id_ejecutor 
order by suma desc limit 1;
-- select * from movimientos_recursos;
-- select * from gestiono;
-- select * from responsable_escuadron;
-- select * from recursos;
-- select count(*) from titanes;
-- select * from avistamientos;